<?xml version="1.0" encoding="UTF-8"?><metadata>
<idinfo>
<citation>
<citeinfo>
<pubdate>20190531</pubdate>
<title>Places of Worship</title>
<geoform>vector digital data</geoform>
</citeinfo>
</citation>
<descript>
<abstract>The dataset contains locations and attributes of Places of Worship, created as part of the DC Geographic Information System (DC GIS) for the D.C. Office of the Chief Technology Officer (OCTO) and participating D.C. government agencies. Information provided by various sources identified Places of Worship such as churches and faith based organizations . DC GIS staff geo-processed this data from a variety of sources.</abstract>
<purpose>Places of Worship in Washington DC</purpose>
</descript>
<status>
<progress>Complete</progress>
<update>As needed</update>
</status>
<spdom/>
<keywords>
<theme>
<themekt>None</themekt>
<themekey>society</themekey>
<themekey>God</themekey>
<themekey>Religion</themekey>
<themekey>Worship</themekey>
</theme>
<theme>
<themekt>ISO 19115 Topic Categories</themekt>
<themekey>society</themekey>
</theme>
<place>
<placekt>None</placekt>
<placekey>DCGIS</placekey>
<placekey>DC GIS</placekey>
<placekey>DC</placekey>
</place>
</keywords>
<accconst>None</accconst>
<useconst>This work is licensed under a Creative Commons Attribution 4.0 International License.</useconst>
<ptcontac>
<cntinfo>
<cntorgp>
<cntorg>D.C. Office of the Chief Technology Officer</cntorg>
<cntper>GIS Data Coordinator</cntper>
</cntorgp>
<cntaddr>
<addrtype>mailing and physical</addrtype>
<address>200 I Street SE, 5th Floor</address>
<city>Washington</city>
<state>DC</state>
<postal>20003</postal>
<country>US</country>
</cntaddr>
<cntfax>(202) 727-5660</cntfax>
<cntemail>dcgis@dc.gov</cntemail>
<hours>8:30 am - 5 pm</hours>
</cntinfo>
</ptcontac>
<datacred>Various sources</datacred>
</idinfo>
<dataqual>
<attracc>
<attraccr>Data believed to be complete and accurate, subject to change. Digital version compared with original source data for accuracy and completeness. Validated by source and/or responsible agency.</attraccr>
</attracc>
<complete>Data believed to be complete and accurate, subject to change. Digital version compared with original source data for accuracy and completeness. Validated by source and/or responsible agency.</complete>
<lineage>
<srcinfo>
<srccite>
<citeinfo>
<origin/>
<pubdate>20020101</pubdate>
<title>Various websites</title>
<othercit>used to verify and research existing data.</othercit>
</citeinfo>
</srccite>
<typesrc>None</typesrc>
<srctime>
<timeinfo>
<sngdate>
<caldate>20020101</caldate>
</sngdate>
</timeinfo>
<srccurr>publication date</srccurr>
</srctime>
<srccitea>Various</srccitea>
<srccontr>http://www.aaagw.org/Washington/mosques_and_islamic_centers.htm</srccontr>
</srcinfo>
<procstep>
<procdesc>Staff reviewed the original places of worship for additions, deletions, and changes. These sources contains lists of Mosques, Churches, Synagogues, and Hindu Temples. New addresses were geocoded using the Master Address Repository (MAR). If a corresponding address was not in the MAR, MAR staff verified the address and added them to the MAR. Subsequently, staff added the places of worship to the layer. Staff visually checked the addresses ensuring they were in the correct location, looking at quad, street, and location attributes. Addresses were corrected or moved as needed. For places of worship that had web links, staff added or verified them using "google.com."</procdesc>
<proccont>
<cntinfo>
<cntorgp>
<cntorg>Office of the Chief Technology Officer</cntorg>
<cntper>GIS Data Coordinator</cntper>
</cntorgp>
<cntaddr>
<addrtype>mailing and physical</addrtype>
<address>441 4th st nw, Suite 930S</address>
<city>Washington</city>
<state>DC</state>
<postal>20001</postal>
<country>US</country>
</cntaddr>
<cntfax>202-727-5660</cntfax>
<cntemail>dcgis@dc.gov</cntemail>
<hours>8:30am - 5:30pm</hours>
</cntinfo>
</proccont>
</procstep>
<procstep>
<procdesc>Staff updated Jewish, Protestant, and Roman Catholic places of worship locations from data provided by the FEMA Homeland Security Infrastructure Program (HSIP) Staff also verified other records and updated web links. For those churches with web links, information and location was updated for several records based on the content of the web sites.</procdesc>
<procdate>20080207</procdate>
<proccont>
<cntinfo>
<cntorgp>
<cntorg>OCTO</cntorg>
</cntorgp>
</cntinfo>
</proccont>
</procstep>
<procstep>
<procdesc>added the following churches: Brown Memorial: Address changed to 130 14th Street NE Christ Our Redeemer AME Church: Added to points Gallilee AME Church: Added to points Intercession Chapel: Added to points Kidane-Mehret- Ge'ee Rite: Address changed to 415 Michigan Avenue NE Matthew Memorial Baptist: Address changed to 2616 Martin Luther King JR Ave SE Nativity Catholic Church: Address changed to 6001 13th Street NW St. Paul AME: Added to points St. Paul's (k Street Address): Added updated website Ansaaru Allah Community Church: Added Religious type field name (ISLAM) Masjid Al -Islam (Benning Road): Added to points Moorish Science Temple: Added religious type</procdesc>
<procdate>20081229</procdate>
<proccont>
<cntinfo>
<cntorgp>
<cntorg>OCTO</cntorg>
</cntorgp>
</cntinfo>
</proccont>
</procstep>
<procstep>
<procdesc>Performed a comprehensive update of places of worship including doing research using google street view on each location.</procdesc>
<procdate>20131122</procdate>
<proccont>
<cntinfo>
<cntorgp>
<cntorg>OCTO</cntorg>
</cntorgp>
</cntinfo>
</proccont>
</procstep>
<procstep>
<procdesc>Staff fixed misspellings in RELIGION atrribute.</procdesc>
<procdate>20181109</procdate>
<proccont>
<cntinfo>
<cntorgp>
<cntorg>D.C. Office of the Chief Technology Officer</cntorg>
<cntper>GIS Data Coordinator</cntper>
</cntorgp>
<cntaddr>
<addrtype>unknown</addrtype>
<address>200 I Street SE, 5th Floor</address>
<city>Washington</city>
<state>DC</state>
<postal>20003</postal>
<country>US</country>
</cntaddr>
<cntfax>(202) 727-5660</cntfax>
<cntemail>dcgis@dc.gov</cntemail>
<hours>8:30 am - 5 pm</hours>
</cntinfo>
</proccont>
</procstep>
<procstep>
<procdesc>New list from HSEMA</procdesc>
<procdate>20190531</procdate>
<proccont>
<cntinfo>
<cntorgp>
<cntorg>D.C. Office of the Chief Technology Officer</cntorg>
<cntper>GIS Data Coordinator</cntper>
</cntorgp>
<cntaddr>
<addrtype>unknown</addrtype>
<address>200 I Street SE, 5th Floor</address>
<city>Washington</city>
<state>DC</state>
<postal>20003</postal>
<country>US</country>
</cntaddr>
<cntfax>(202) 727-5660</cntfax>
<cntemail>dcgis@dc.gov</cntemail>
<hours>8:30 am - 5 pm</hours>
</cntinfo>
</proccont>
</procstep>
</lineage>
</dataqual>
<spdoinfo>
<direct>Vector</direct>
<ptvctinf>
<sdtsterm>
<sdtstype>Entity point</sdtstype>
<ptvctcnt>0</ptvctcnt>
</sdtsterm>
</ptvctinf>
</spdoinfo>
<eainfo>
<detailed>
<enttyp>
<enttypl>PlacesofWorshipPt</enttypl>
</enttyp>
<attr>
<attrlabl>OBJECTID</attrlabl>
<attrdef>Internal feature number.</attrdef>
<attrdefs>Esri</attrdefs>
<attrdomv>
          <udom>Sequential unique whole numbers that are automatically generated.</udom>
        </attrdomv>
</attr>
<attr>
<attrlabl>Shape</attrlabl>
<attrdef>Feature geometry.</attrdef>
<attrdefs>Esri</attrdefs>
<attrdomv>
          <udom>Coordinates defining the features.</udom>
        </attrdomv>
</attr>
<attr>
<attrlabl>NAME</attrlabl>
<attrdef>Place of Worship Name</attrdef>
</attr>
<attr>
<attrlabl>WEB_URL</attrlabl>
<attrdef>Place of Worship Web URL link</attrdef>
</attr>
<attr>
<attrlabl>RELIGION</attrlabl>
<attrdef>Place of Worship Religion</attrdef>
</attr>
<attr>
<attrlabl>GIS_ID</attrlabl>
<attrdef>OCTO GIS sequential identifier</attrdef>
</attr>
<attr>
<attrlabl>ADDRESS</attrlabl>
<attrdef>Place of Worship address</attrdef>
</attr>
<attr>
<attrlabl>ADDRID</attrlabl>
<attrdef>MAR Unique Identifier</attrdef>
</attr>
<attr>
<attrlabl>PLACE_OF_WORSHIP</attrlabl>
</attr>
<attr>
<attrlabl>Is_Place_Of_Worship</attrlabl>
</attr>
<attr>
<attrlabl>XCOORD</attrlabl>
<attrdef>MAR X Coordinates (Maryland State Plane Meters)</attrdef>
<attrdefs>OCTO</attrdefs>
</attr>
<attr>
<attrlabl>YCOORD</attrlabl>
<attrdef>MAR Y Coordinates (Maryland State Plane Meters)</attrdef>
<attrdefs>OCTO</attrdefs>
</attr>
</detailed>
</eainfo>
<distinfo>
<distrib>
<cntinfo>
<cntorgp>
<cntorg>D.C. Office of the Chief Technology Officer</cntorg>
<cntper>GIS Data Coordinator</cntper>
</cntorgp>
<cntaddr>
<addrtype>mailing and physical</addrtype>
<address>200 I Street SE, 5th Floor</address>
<city>Washington</city>
<state>DC</state>
<postal>20003</postal>
<country>US</country>
</cntaddr>
<cntfax>(202) 727-5660</cntfax>
<cntemail>dcgis@dc.gov</cntemail>
<hours>8:30 am - 5 pm</hours>
</cntinfo>
</distrib>
<distliab>See access and use constraints information.</distliab>
<custom>DC datasets can be downloaded from "http://opendata.dc.gov".</custom>
</distinfo>
<metainfo>
<metd>20190531</metd>
<metrd>01/07/04</metrd>
<metc>
<cntinfo>
<cntorgp>
<cntorg>D.C. Office of the Chief Technology Officer</cntorg>
<cntper>GIS Data Coordinator</cntper>
</cntorgp>
<cntaddr>
<addrtype>mailing and physical</addrtype>
<address>200 I Street SE, 5th Floor</address>
<city>Washington</city>
<state>DC</state>
<postal>20003</postal>
<country>US</country>
</cntaddr>
<cntfax>(202) 727-5660</cntfax>
<cntemail>dcgis@dc.gov</cntemail>
<hours>8:30 am - 5 pm</hours>
</cntinfo>
</metc>
<metstdn>FGDC Content Standard for Digital Geospatial Metadata</metstdn>
<metstdv>FGDC-STD-001-1998</metstdv>
<mettc>local time</mettc>
</metainfo>
</metadata>
