﻿PSA,NAME,SECTOR,DISTRICT,WEB_URL,POLDIST_ID,POLICEDISTRICT,GIS_ID,GLOBALID,CREATOR,CREATED,EDITOR,EDITED,OBJECTID,SHAPEAREA,SHAPELEN
401,401,4D1,4,http://mpdc.dc.gov/page/police-districts-and-police-service-areas,4,4D,temp_7,{C44EB92A-01CB-4328-8463-A826902DC7F2},,,,,1,0,0
201,201,2D1,2,http://mpdc.dc.gov/page/police-districts-and-police-service-areas,2,2D,temp_6,{4900EDFA-E061-4CB4-8C2F-02B9E4E47AA9},,,,,2,0,0
406,406,4D2,4,http://mpdc.dc.gov/page/police-districts-and-police-service-areas,4,4D,temp_5,{D8320D40-CA53-482E-B68D-B2B3395EA7ED},,,,,3,0,0
402,402,4D1,4,http://mpdc.dc.gov/page/police-districts-and-police-service-areas,4,4D,temp_4,{B6E3785E-B111-4460-B792-6E0197EACA09},,,,,4,0,0
202,202,2D1,2,http://mpdc.dc.gov/page/police-districts-and-police-service-areas,2,2D,temp_31,{1563F79F-4541-4BB2-A4E9-448C8A88B02E},,,,,5,0,0
403,403,4D1,4,http://mpdc.dc.gov/page/police-districts-and-police-service-areas,4,4D,temp_30,{F8E1A1B2-664F-4FEB-863C-A6C6C74F86D8},,,,,6,0,0
203,203,2D1,2,http://mpdc.dc.gov/page/police-districts-and-police-service-areas,2,2D,temp_29,{A93F5EAA-91E9-4E65-BF56-64FC18062853},,,,,7,0,0
405,405,4D2,4,http://mpdc.dc.gov/page/police-districts-and-police-service-areas,4,4D,temp_28,{6128308C-1867-4DA2-96AB-D2D45583588B},,,,,8,0,0
404,404,4D3,4,http://mpdc.dc.gov/page/police-districts-and-police-service-areas,4,4D,temp_27,{55BA9636-1E2E-47C1-82D7-DE1DC0601AC9},,,,,9,0,0
407,407,4D2,4,http://mpdc.dc.gov/page/police-districts-and-police-service-areas,4,4D,temp_26,{263F75B9-8F92-46F2-B13E-DC97C2171EDB},,,,,10,0,0
205,205,2D2,2,http://mpdc.dc.gov/page/police-districts-and-police-service-areas,2,2D,temp_25,{83496B63-8A39-4680-B703-AEB1CEA1FC55},,,,,11,0,0
503,503,5D2,5,http://mpdc.dc.gov/page/police-districts-and-police-service-areas,5,5D,temp_24,{4FB20AE3-BBE8-49F3-9932-F972118AD249},,,,,12,0,0
204,204,2D2,2,http://mpdc.dc.gov/page/police-districts-and-police-service-areas,2,2D,temp_23,{F0F6438A-DB3E-4548-9F2D-D8CE5FC14839},,,,,13,0,0
504,504,5D2,5,http://mpdc.dc.gov/page/police-districts-and-police-service-areas,5,5D,temp_22,{16FB6D7E-0307-47F1-9EC6-D632A518FE77},,,,,14,0,0
302,302,3D1,3,http://mpdc.dc.gov/page/police-districts-and-police-service-areas,3,3D,temp_21,{2F186480-8A93-4F8F-A8CE-FBB598AD7EAF},,,,,15,0,0
408,408,4D3,4,http://mpdc.dc.gov/page/police-districts-and-police-service-areas,4,4D,temp_18,{DC72F4B7-C2E7-4ADC-B788-3E88F59C3C19},,,,,16,0,0
409,409,4D3,4,http://mpdc.dc.gov/page/police-districts-and-police-service-areas,4,4D,temp_20,{89ED0EF9-CD79-49F3-89C3-6BB17AFD25FE},,,,,17,0,0
502,502,5D1,5,http://mpdc.dc.gov/page/police-districts-and-police-service-areas,5,5D,temp_19,{8177C79E-844D-4810-B2B4-738C1926AB09},,,,,18,0,0
505,505,5D2,5,http://mpdc.dc.gov/page/police-districts-and-police-service-areas,5,5D,temp_14,{4A30C64A-AC21-4898-9C1D-1F3E6AA8CE66},,,,,19,0,0
306,306,3D2,3,http://mpdc.dc.gov/page/police-districts-and-police-service-areas,3,3D,temp_17,{F8CCED28-E7FF-41CF-8966-FD2946B6E58E},,,,,20,0,0
304,304,3D1,3,http://mpdc.dc.gov/page/police-districts-and-police-service-areas,3,3D,temp_16,{3B88570F-7BDE-4443-AF18-C05BE9CEDBB3},,,,,21,0,0
303,303,3D3,3,http://mpdc.dc.gov/page/police-districts-and-police-service-areas,3,3D,temp_12,{ABB995FD-1B58-44C0-9FBF-CCAB2268BA4A},,,,,22,0,0
208,208,2D3,2,http://mpdc.dc.gov/page/police-districts-and-police-service-areas,2,2D,temp_13,{3EFC53BE-EC29-4925-87F4-EB9228A857A3},,,,,23,0,0
305,305,3D2,3,http://mpdc.dc.gov/page/police-districts-and-police-service-areas,3,3D,temp_3,{7420FF26-CBD5-4F2F-B9F7-853252E5109D},,,,,24,0,0
301,301,3D3,3,http://mpdc.dc.gov/page/police-districts-and-police-service-areas,3,3D,temp_2,{26157EDA-2027-4047-A43C-5E571431CD72},,,,,25,0,0
601,601,6D1,6,http://mpdc.dc.gov/page/police-districts-and-police-service-areas,6,6D,temp_35,{8CCB6297-677B-4B72-9CDE-B1AB0F1B4817},,,,,26,0,0
206,206,2D2,2,http://mpdc.dc.gov/page/police-districts-and-police-service-areas,2,2D,temp_34,{005CFBEB-3AEB-42DE-993A-E74C6C6DBF78},,,,,27,0,0
506,506,5D3,5,http://mpdc.dc.gov/page/police-districts-and-police-service-areas,5,5D,temp_37,{133430D2-5348-4F38-8221-3807E45EB287},,,,,28,0,0
308,308,3D2,3,http://mpdc.dc.gov/page/police-districts-and-police-service-areas,3,3D,temp_1,{A44690D1-0FFA-4936-AA14-933775B3AED3},,,,,29,0,0
307,307,3D3,3,http://mpdc.dc.gov/page/police-districts-and-police-service-areas,3,3D,temp_9,{D9E45200-AF3B-4FD8-A3B1-E86A5C63ED78},,,,,30,0,0
501,501,5D1,5,http://mpdc.dc.gov/page/police-districts-and-police-service-areas,5,5D,temp_15,{6C01853E-8A56-4480-B0FE-81C3BD792089},,,,,31,0,0
602,602,6D1,6,http://mpdc.dc.gov/page/police-districts-and-police-service-areas,6,6D,temp_36,{8B083A7F-7965-4BF7-AD95-A93A94740203},,,,,32,0,0
207,207,2D3,2,http://mpdc.dc.gov/page/police-districts-and-police-service-areas,2,2D,temp_55,{AFE7E201-BABD-4F17-BACF-C9BC46F515DF},,,,,33,0,0
507,507,5D3,5,http://mpdc.dc.gov/page/police-districts-and-police-service-areas,5,5D,temp_52,{DF4A8B71-C252-4F85-B0FB-4E1809F1CF81},,,,,34,0,0
102,102,1D1,1,http://mpdc.dc.gov/page/police-districts-and-police-service-areas,1,1D,temp_10,{DC476B88-C2CE-402A-82B5-49D8A289C34E},,,,,35,0,0
209,209,2D3,2,http://mpdc.dc.gov/page/police-districts-and-police-service-areas,2,2D,temp_8,{AF1F25AA-373D-410E-9BFA-0C36368ABDD7},,,,,36,0,0
101,101,1D1,1,http://mpdc.dc.gov/page/police-districts-and-police-service-areas,1,1D,temp_57,{B7E4E495-548B-4384-90AF-74FD4C6C24D4},,,,,37,0,0
608,608,6D1,6,http://mpdc.dc.gov/page/police-districts-and-police-service-areas,6,6D,temp_56,{54594ABB-439D-4879-BFC5-8D643C2C6A0B},,,,,38,0,0
104,104,1D2,1,http://mpdc.dc.gov/page/police-districts-and-police-service-areas,1,1D,temp_32,{CD065833-D42B-45A7-B200-4D041BF94F49},,,,,39,0,0
603,603,6D3,6,http://mpdc.dc.gov/page/police-districts-and-police-service-areas,6,6D,temp_50,{9DD9039F-E58E-4D6C-BC6D-79FA246EB0D3},,,,,40,0,0
108,108,1D2,1,http://mpdc.dc.gov/page/police-districts-and-police-service-areas,1,1D,temp_51,{5B491D57-AEF0-4C16-8F5F-8A25D0F44B35},,,,,41,0,0
103,103,1D1,1,http://mpdc.dc.gov/page/police-districts-and-police-service-areas,1,1D,temp_48,{7677887E-00E0-4A33-95D9-9D759E6BFB0E},,,,,42,0,0
107,107,1D2,1,http://mpdc.dc.gov/page/police-districts-and-police-service-areas,1,1D,temp_11,{FADCF2FE-E560-49BB-8984-4579B1E6E021},,,,,43,0,0
106,106,1D3,1,http://mpdc.dc.gov/page/police-districts-and-police-service-areas,1,1D,temp_49,{B2E13C66-D69C-4DDF-BAE9-F56BF80959C6},,,,,44,0,0
604,604,6D3,6,http://mpdc.dc.gov/page/police-districts-and-police-service-areas,6,6D,temp_54,{C9A37A98-8828-487D-967D-DD0E2C2F89B9},,,,,45,0,0
605,605,6D2,6,http://mpdc.dc.gov/page/police-districts-and-police-service-areas,6,6D,temp_47,{4D7A9E94-D58C-495E-9C6C-F1A56552531E},,,,,46,0,0
105,105,1D3,1,http://mpdc.dc.gov/page/police-districts-and-police-service-areas,1,1D,temp_33,{B526F023-541C-4421-A7CD-262AA6637E3C},,,,,47,0,0
607,607,6D2,6,http://mpdc.dc.gov/page/police-districts-and-police-service-areas,6,6D,temp_46,{D45069AF-CD73-46DB-B403-159076E318C2},,,,,48,0,0
701,701,7D1,7,http://mpdc.dc.gov/page/police-districts-and-police-service-areas,7,7D,temp_45,{4646EFF2-ABFE-4E0C-AC4D-1AB3EB5D13AA},,,,,49,0,0
703,703,7D1,7,http://mpdc.dc.gov/page/police-districts-and-police-service-areas,7,7D,temp_44,{345B972E-B0E1-4583-AF24-95481B57278C},,,,,50,0,0
606,606,6D2,6,http://mpdc.dc.gov/page/police-districts-and-police-service-areas,6,6D,temp_53,{3B2102BC-5252-486B-8403-319C64A4B610},,,,,51,0,0
702,702,7D1,7,http://mpdc.dc.gov/page/police-districts-and-police-service-areas,7,7D,temp_43,{18F487A6-77D2-465D-8E18-71622FDEA72F},,,,,52,0,0
704,704,7D2,7,http://mpdc.dc.gov/page/police-districts-and-police-service-areas,7,7D,temp_42,{034C6F8D-B020-4DC2-A901-390B78A5FF14},,,,,53,0,0
707,707,7D2,7,http://mpdc.dc.gov/page/police-districts-and-police-service-areas,7,7D,temp_41,{21A44731-A0A0-47C7-BF60-CF71719F8CD6},,,,,54,0,0
705,705,7D2,7,http://mpdc.dc.gov/page/police-districts-and-police-service-areas,7,7D,temp_40,{048DF040-904E-4593-AFC9-B9489ABEC84D},,,,,55,0,0
706,706,7D3,7,http://mpdc.dc.gov/page/police-districts-and-police-service-areas,7,7D,temp_39,{E2C7B963-3E6E-4839-BB2A-2889C889807B},,,,,56,0,0
708,708,7D3,7,http://mpdc.dc.gov/page/police-districts-and-police-service-areas,7,7D,temp_38,{54A39E32-6B6C-43A5-81BD-9AB61F67E4B3},,,,,57,0,0
