Address,20001,List Price,Close Price,Subsidy,BRs,Bas,1/2 Bas,Close Date
1545 6TH ST NW,20001,"$950,000","$875,000",$0,4,3,2,9/29/2017
2703 11TH ST NW #3,20001,"$825,000","$830,000","$24,750",3,3,0,9/15/2017
1419 3RD ST NW,20001,"$620,000","$610,000","$6,500",3,2,1,9/6/2017
929 FLORIDA AVE NW #5006,20001,"$299,900","$293,000",$750,0,1,0,9/15/2017
649 COLUMBIA RD NW,20001,"$959,900","$960,000",$0,5,3,1,9/13/2017
1111 11TH ST NW #901,20001,"$635,000","$642,000","$7,000",2,2,0,9/28/2017
437 NEW YORK AVE NW #405,20001,"$479,900","$476,000",$0,1,1,0,9/11/2017
440 M ST NW #1,20001,"$725,000","$709,500",$0,2,2,0,9/8/2017
777 7TH ST NW #936,20001,"$492,900","$490,000","$10,000",1,1,0,9/15/2017
1423 NEW JERSEY AVE NW,20001,"$795,000","$760,000","$5,000",3,2,1,9/7/2017
475 K ST NW #622,20001,"$515,000","$515,000",$800,1,1,0,9/15/2017
1530 1ST ST NW,20001,"$600,000","$600,000",$0,3,1,0,9/8/2017
52 NEW YORK AVE NW #1,20001,"$669,900","$660,000","$1,000",3,3,0,9/29/2017
908 O ST NW,20001,"$975,000","$970,250","$11,000",3,2,1,9/21/2017
436 M ST NW #2,20001,"$699,000","$670,000",$985,3,2,1,9/21/2017
1211 10TH ST NW #1,20001,"$699,555","$699,555","$12,686",2,2,1,9/21/2017
88 P ST NW,20001,"$1,029,900","$995,000",$0,4,4,1,9/20/2017
1806 9TH ST NW #1,20001,"$1,395,000","$1,350,000",$0,3,3,0,9/15/2017
777 7TH ST NW #736,20001,"$514,000","$510,000",$500,1,1,0,9/20/2017
2100 11TH ST NW #103,20001,"$879,900","$847,500",$0,1,2,0,9/29/2017
929 FLORIDA AVE NW #4001,20001,"$529,000","$515,000","$1,000",1,1,0,9/15/2017
460 NEW YORK AVE NW #204,20001,"$454,000","$447,000",$0,1,1,0,9/22/2017
929 FLORIDA AVE NW #4006,20001,"$329,000","$321,500",$500,0,1,0,9/13/2017
2803 SHERMAN AVE NW #1,20001,"$699,900","$699,900",$0,4,2,1,9/6/2017
2022 FLAGLER PL NW #F202,20001,"$419,900","$424,000","$8,000",1,1,0,9/29/2017
1125 11TH ST NW #503,20001,"$674,990","$675,000",$0,2,2,0,9/29/2017
555 MASSACHUSETTS AVE NW #410,20001,"$455,000","$455,000","$5,300",1,1,0,9/5/2017
47 RANDOLPH PL NW,20001,"$700,000","$675,000","$5,000",4,2,0,9/19/2017
475 K ST NW #319,20001,"$575,000","$585,000",$0,2,1,0,9/8/2017
1548 3RD ST NW,20001,"$749,000","$766,000",$0,2,2,0,9/11/2017
1806 9TH ST NW #2,20001,"$1,595,000","$1,545,000",$0,3,3,1,9/15/2017
2111 11TH ST NW #1,20001,"$729,900","$715,000",$0,2,2,0,9/29/2017
595 COLUMBIA RD NW,20001,"$740,000","$770,000",$0,3,2,1,9/5/2017
811 4TH ST NW #206,20001,"$437,900","$437,900","$3,000",1,1,0,9/1/2017
12 HANOVER PL NW,20001,"$650,000","$650,000",$0,2,2,1,9/20/2017
440 L ST NW #911,20001,"$699,900","$660,000",$0,2,2,0,9/18/2017
1515 3RD ST NW,20001,"$595,000","$600,000",$0,4,2,0,9/18/2017
150 V ST NW #V309,20001,"$450,000","$450,000",$0,1,1,0,9/25/2017
1010 MASSACHUSETTS AVE NW #202,20001,"$698,700","$692,000",$0,2,2,0,9/12/2017
2004 11TH ST NW #233,20001,"$489,500","$542,000",$0,1,1,1,9/22/2017
42 SEATON PL NW,20001,"$1,299,500","$1,240,000",$0,4,3,1,9/29/2017
1233 10TH ST NW,20001,"$1,675,000","$1,675,000",$0,5,4,1,9/29/2017
742 HARVARD ST NW,20001,"$635,000","$649,000",$0,3,1,1,9/29/2017
927 W ST NW,20001,"$669,000","$669,000",$0,2,1,0,9/15/2017
475 K ST NW #713,20001,"$535,000","$535,000",$0,1,1,0,9/1/2017
1001 L ST NW #704,20001,"$585,000","$595,000",$0,2,2,0,9/20/2017
774 GIRARD ST NW #7W,20001,"$2,500,000","$2,300,000",$0,4,4,0,9/21/2017
941 M ST NW #A,20001,"$1,365,000","$1,365,000","$5,000",4,3,1,9/22/2017
2122 11TH ST NW #4,20001,"$745,000","$745,000",$0,2,2,0,9/25/2017
425 ELM ST NW,20001,"$512,000","$512,000",$0,2,1,0,9/29/2017
,,,,,,,,
1633 A ST NE,20002,"$600,000","$560,000",$0,3,1,1,9/13/2017
1710 GALES ST NE #1,20002,"$339,500","$345,500","$12,075",2,1,0,9/19/2017
1617 LYMAN PL NE,20002,"$499,500","$499,500","$1,000",2,3,0,9/8/2017
332 18TH PL NE #1,20002,"$329,900","$339,900","$10,000",2,1,0,9/8/2017
2735 4TH ST NE,20002,"$659,500","$641,000","$10,000",3,3,0,9/20/2017
500 25TH PL NE #103,20002,"$287,700","$280,000","$7,000",1,1,0,9/7/2017
1540 LEVIS ST NE #B,20002,"$735,000","$735,000","$10,000",4,3,1,9/20/2017
1929 H ST NE,20002,"$479,900","$440,000",$0,3,2,0,9/22/2017
317 10TH ST NE #1,20002,"$495,000","$480,000",$750,2,1,1,9/13/2017
502 12TH ST NE,20002,"$1,059,000","$1,020,000",$0,4,3,1,9/28/2017
720 4TH ST NE,20002,"$1,098,500","$1,100,000",$0,3,2,1,9/8/2017
1441 DUNCAN ST NE,20002,"$719,900","$692,500",$0,3,3,0,9/18/2017
1015 9TH ST NE,20002,"$845,000","$830,000",$0,3,2,0,9/15/2017
1226 MARYLAND AVE NE,20002,"$999,000","$970,000","$6,000",3,3,1,9/5/2017
1811 3RD ST NE #2,20002,"$789,999","$760,000","$5,000",3,3,2,9/25/2017
1540 LEVIS ST NE #A,20002,"$699,000","$699,000","$10,000",4,3,1,9/1/2017
2422 3RD ST NE,20002,"$449,900","$420,000",$0,3,1,0,9/18/2017
1846 CAPITOL AVE NE,20002,"$389,000","$381,500",$0,3,1,0,9/30/2017
108 17TH ST NE ##1,20002,"$649,500","$649,500","$19,485",3,3,1,9/1/2017
913 11TH ST NE,20002,"$960,000","$942,000",$0,4,3,1,9/27/2017
1230 HOLBROOK TER NE #204,20002,"$300,000","$300,000",$0,2,1,0,9/20/2017
1415 AMES PL NE,20002,"$737,500","$752,000",$0,2,2,1,9/8/2017
1239 OATES ST NE,20002,"$899,900","$910,000",$0,4,3,1,9/12/2017
220 ASCOT PL NE,20002,"$539,000","$550,000",$0,3,2,0,9/8/2017
219 T ST NE #T2,20002,"$169,999","$163,000",$371,1,1,0,9/28/2017
1300 CHILDRESS ST NE #3,20002,"$289,000","$289,000",$0,2,1,0,9/29/2017
1657 C ST NE,20002,"$500,000","$505,000",$0,5,2,2,9/18/2017
1219 TRINIDAD AVE NE,20002,"$524,901","$485,000",$0,3,1,0,9/21/2017
237 14TH PL NE,20002,"$599,000","$620,000",$0,2,1,1,9/15/2017
325 17TH ST NE,20002,"$500,000","$513,900",$0,3,2,1,9/8/2017
1325 TRINIDAD AVE NE,20002,"$699,900","$739,957",$0,3,2,1,9/8/2017
648 6TH ST NE,20002,"$1,159,000","$1,167,000","$17,000",4,3,1,9/15/2017
27 QUINCY PL NE #2,20002,"$499,000","$499,000","$5,000",1,1,0,9/26/2017
1014 10TH ST NE #1,20002,"$489,900","$489,900",$0,2,2,0,9/22/2017
2004 3RD ST NE #103,20002,"$295,000","$305,000",$500,1,1,0,9/18/2017
1156 4TH ST NE,20002,"$595,000","$580,000",$0,3,1,1,9/6/2017
2415 E ST NE,20002,"$549,900","$605,000",$0,4,2,0,9/18/2017
1122 ABBEY PL NE,20002,"$699,000","$520,000",$0,3,1,0,9/20/2017
1236 OWEN PL NE,20002,"$739,900","$730,000",$0,3,3,1,9/25/2017
923 11TH ST NE,20002,"$924,900","$930,000",$0,4,3,1,9/20/2017
1734 GALES ST NE,20002,"$564,900","$600,000",$0,2,2,1,9/28/2017
317 16TH ST NE,20002,"$599,901","$530,000",$0,4,2,1,9/29/2017
1125 MARYLAND AVE NE #16,20002,"$360,000","$374,000","$2,000",1,1,0,9/22/2017
242 14TH PL NE,20002,"$720,000","$720,000","$10,000",2,2,1,9/25/2017
634 LEXINGTON PL NE,20002,"$699,900","$815,000",$0,4,1,0,9/19/2017
508 F ST NE,20002,"$899,000","$900,000","$3,000",3,2,1,9/29/2017
2016 SUMMIT PL NE,20002,"$505,000","$505,000",$0,2,2,0,9/6/2017
401 13TH ST NE #301,20002,"$419,000","$430,000",$0,1,1,0,9/28/2017
136 QUINCY PL NE #2,20002,"$729,000","$730,000",$0,2,2,1,9/27/2017
231 8TH ST NE,20002,"$997,000","$1,062,776",$0,3,2,1,9/26/2017
433 15TH ST NE,20002,"$707,000","$707,000","$15,000",2,2,1,9/21/2017
1211 D ST NE,20002,"$950,000","$950,000","$8,000",4,2,0,9/21/2017
,,,,,,,,
612 3RD ST SE,20003,"$2,798,999","$2,650,000",$0,7,7,2,9/20/2017
1350 K ST SE,20003,"$989,500","$965,000",$0,3,3,1,9/29/2017
240 16TH ST SE,20003,"$669,000","$680,000","$20,000",2,2,1,9/8/2017
649 C ST SE #105,20003,"$349,950","$341,500",$0,0,1,0,9/26/2017
1361 K ST SE #202,20003,"$284,500","$277,500",$0,1,1,0,9/5/2017
1709 BAY ST SE #1,20003,"$609,500","$615,000","$10,000",2,2,0,9/18/2017
412 7TH ST SE,20003,"$1,175,000","$1,150,000",$0,3,2,1,9/29/2017
1500 PENNSYLVANIA AVE SE #310,20003,"$469,900","$460,000","$10,000",1,1,0,9/11/2017
1728 INDEPENDENCE AVE SE,20003,"$875,000","$877,000","$11,000",4,3,1,9/29/2017
1611 MASSACHUSETTS AVE SE,20003,"$549,900","$549,900","$17,300",2,1,0,9/15/2017
327 10TH ST SE #4,20003,"$386,000","$384,000",$0,2,1,0,9/29/2017
1000 NEW JERSEY AVE SE #1105,20003,"$324,000","$333,100",$0,1,1,0,9/1/2017
1000 NEW JERSEY AVE SE #604,20003,"$355,000","$355,000",$0,1,1,0,9/6/2017
1508 E ST SE,20003,"$775,000","$820,000",$0,2,2,1,9/22/2017
209 17TH ST SE,20003,"$550,000","$550,000",$0,2,1,0,9/7/2017
1000 NEW JERSEY AVE SE #1218,20003,"$345,000","$341,000","$1,150",1,1,0,9/1/2017
417 GUETLER WAY SE,20003,"$1,289,000","$1,289,000",$0,3,3,2,9/29/2017
101 DUDDINGTON PL SE,20003,"$1,349,000","$1,275,000",$0,3,2,1,9/22/2017
1225 C ST SE,20003,"$600,000","$600,000",$0,3,1,0,9/1/2017
1420 C ST SE,20003,"$788,500","$861,000",$0,2,2,1,9/8/2017
417 INDEPENDENCE AVE SE,20003,"$749,900","$749,900","$16,000",2,1,0,9/15/2017
1255 C ST SE,20003,"$919,000","$910,000","$7,000",3,2,1,9/19/2017
1360 EAST CAPITOL ST NE,20003,"$1,150,000","$1,155,000",$0,5,3,1,9/13/2017
1805 A ST SE #2,20003,"$799,900","$799,900","$4,000",3,2,1,9/28/2017
544 14TH ST SE,20003,"$725,000","$745,000","$3,000",4,2,0,9/22/2017
420 16TH ST SE #103,20003,"$314,000","$322,100",$0,1,1,0,9/29/2017
914 E CAPITOL ST NE,20003,"$1,595,000","$1,605,000",$0,4,3,1,9/29/2017
2 LIBRARY CT SE,20003,"$539,000","$566,000",$0,1,1,0,9/29/2017
510 9TH ST SE,20003,"$1,040,000","$1,040,000",$0,2,2,1,9/22/2017
,,,,,,,,
801 PENNSYLVANIA AVE NW #1206,20004,"$395,000","$380,000",$0,1,1,0,9/20/2017
631 D ST NW #638,20004,"$334,999","$335,000",$0,0,1,0,9/27/2017
631 D ST NW #644,20004,"$652,000","$652,000",$0,2,2,1,9/18/2017
616 E ST NW #321,20004,"$479,500","$474,000",$600,1,1,0,9/20/2017
912 F ST NW #408,20004,"$711,500","$711,500","$28,460",2,2,0,9/18/2017
,,,,,,,,
1312 MASSACHUSETTS AVE NW #601,20005,"$619,900","$619,900",$0,2,2,0,9/5/2017
1437 RHODE ISLAND AVE NW #104,20005,"$725,000","$726,500","$28,163",2,2,0,9/1/2017
1300 N ST NW #517,20005,"$459,900","$455,000","$1,500",1,1,0,9/1/2017
1450 CHURCH ST NW #502,20005,"$749,000","$749,000","$3,150",2,2,0,9/1/2017
1209 13TH ST NW #407,20005,"$574,900","$590,000","$15,000",1,1,1,9/6/2017
1310 VERMONT AVE NW,20005,"$2,500,000","$2,600,000",$0,4,3,1,9/5/2017
1300 N ST NW #16,20005,"$475,000","$475,000","$7,500",1,1,0,9/15/2017
1441 RHODE ISLAND AVE NW #915,20005,"$355,000","$366,500",$0,0,1,0,9/15/2017
1300 13TH ST NW #409,20005,"$519,900","$535,000",$0,1,1,0,9/1/2017
1440 N ST NW #610,20005,"$249,000","$240,000",$0,1,1,0,9/18/2017
1101 L ST NW #510,20005,"$269,000","$271,000",$0,0,1,0,9/22/2017
1515 15TH ST NW #419,20005,"$1,150,000","$1,160,000",$0,2,2,1,9/5/2017
1150 K ST NW #703,20005,"$439,999","$442,000",$0,1,1,0,9/18/2017
1437 RHODE ISLAND AVE NW #106,20005,"$445,000","$445,000",$0,1,1,0,9/28/2017
1440 N ST NW #410,20005,"$215,000","$215,000",$0,0,1,0,9/18/2017
,,,,,,,,
2030 F ST NW #1004,20006,"$268,000","$254,000",$0,0,1,0,9/29/2017
,,,,,,,,
3629 WINFIELD LN NW,20007,"$1,600,000","$1,600,000",$0,6,6,1,9/11/2017
1015 33RD ST NW #710,20007,"$885,000","$840,000",$0,2,2,0,9/7/2017
3303 WATER ST NW #5C,20007,"$1,695,000","$1,620,000",$0,2,2,0,9/12/2017
3422 DENT PL NW,20007,"$1,300,000","$1,240,000","$3,500",4,3,1,9/20/2017
1015 33RD ST NW #707,20007,"$995,000","$950,000",$0,2,2,1,9/7/2017
1080 WISCONSIN AVE NW #2006,20007,"$475,000","$468,000","$12,870",1,1,1,9/29/2017
2709 P ST NW,20007,"$2,195,000","$2,200,000","$66,000",5,3,1,9/6/2017
2514 MILL RD NW,20007,"$999,900","$985,000",$0,2,2,0,9/6/2017
1909 FOXVIEW CIR NW,20007,"$3,995,000","$3,850,000",$0,6,6,1,9/8/2017
2500 Q ST NW #420,20007,"$409,900","$409,900","$13,000",1,1,0,9/5/2017
3011 DUMBARTON ST NW,20007,"$1,749,000","$1,695,000",$0,3,2,1,9/20/2017
3924 W ST NW #7,20007,"$775,000","$775,000",$0,2,2,1,9/1/2017
3711 WINFIELD LN NW,20007,"$1,645,000","$1,600,000",$0,4,4,1,9/7/2017
3925 DAVIS PL NW #104,20007,"$289,000","$289,000","$3,500",1,1,0,9/18/2017
1517 26TH ST NW,20007,"$1,595,000","$1,653,000",$0,3,3,0,9/21/2017
3010 R ST NW #2,20007,"$620,000","$620,000","$10,000",2,1,0,9/7/2017
3924 W ST NW #2,20007,"$490,000","$490,000",$0,2,1,0,9/7/2017
3510 WINFIELD LN NW,20007,"$1,450,000","$1,410,000","$5,000",4,3,1,9/28/2017
1241 28TH ST NW,20007,"$1,295,000","$1,290,000",$0,2,2,0,9/22/2017
3968 GEORGETOWN CT NW,20007,"$1,295,000","$1,335,450",$0,3,3,1,9/15/2017
1617 44TH ST NW,20007,"$899,000","$906,503",$0,4,2,0,9/27/2017
1015 33RD ST NW #509,20007,"$1,175,000","$1,065,000","$31,000",2,2,0,9/28/2017
4481 Q ST NW,20007,"$739,900","$789,770",$0,3,2,0,9/18/2017
3727 WINFIELD LN NW,20007,"$1,219,000","$1,219,000",$0,3,3,1,9/28/2017
2447 P ST NW,20007,"$1,695,000","$1,662,500","$12,650",4,3,1,9/29/2017
2500 Q ST NW #549,20007,"$409,000","$399,999",$0,1,1,0,9/19/2017
3751 W ST NW,20007,"$969,000","$954,000","$5,000",4,2,1,9/15/2017
3703 S ST NW,20007,"$850,000","$890,000",$0,5,3,0,9/7/2017
2501 WISCONSIN AVE NW #7,20007,"$795,000","$780,000",$0,2,2,1,9/12/2017
4000 TUNLAW RD NW #804,20007,"$220,000","$220,000",$0,0,1,0,9/13/2017
2725 39TH ST NW #307,20007,"$324,900","$324,900","$3,000",1,1,0,9/22/2017
2320 WISCONSIN AVE NW #402,20007,"$399,000","$420,000",$0,1,1,0,9/22/2017
2500 Q ST NW #235,20007,"$450,000","$450,000",$0,1,1,0,9/15/2017
2339 40TH PL NW #002,20007,"$249,000","$249,000","$2,000",1,1,0,9/29/2017
3831 S ST NW,20007,"$820,000","$820,000",$0,3,1,2,9/18/2017
2801 NEW MEXICO AVE NW #601,20007,"$692,500","$692,500",$0,2,2,1,9/26/2017
,,,,,,,,
3407 29TH ST NW #2,20008,"$309,000","$300,000",$0,1,1,0,9/8/2017
4214 LENORE LN NW,20008,"$1,999,990","$1,650,000",$0,5,4,2,9/28/2017
5112 CONNECTICUT AVE NW #110,20008,"$329,000","$329,000","$8,000",2,1,0,9/22/2017
3011 ALBEMARLE ST NW,20008,"$1,249,000","$1,250,000",$0,5,3,1,9/13/2017
2725 CONNECTICUT AVE NW #107,20008,"$399,900","$390,000",$0,1,1,0,9/25/2017
3900 CONNECTICUT AVE NW #404G,20008,"$349,000","$349,000",$0,1,1,0,9/8/2017
2122 CALIFORNIA ST NW #354,20008,"$379,000","$370,000","$5,000",1,1,0,9/20/2017
2311 CONNECTICUT AVE NW #403,20008,"$415,000","$410,000",$0,1,1,0,9/6/2017
4707 CONNECTICUT AVE NW #508,20008,"$439,000","$424,000","$5,000",1,1,0,9/11/2017
3446 CONNECTICUT AVE NW #401,20008,"$293,900","$293,900","$4,400",1,1,0,9/18/2017
2229 CALIFORNIA ST NW,20008,"$1,899,000","$1,900,000",$0,4,3,1,9/20/2017
3701 CONNECTICUT AVE NW #322,20008,"$324,900","$324,900",$0,1,1,0,9/28/2017
2755 ORDWAY ST NW #115,20008,"$225,000","$217,000",$0,1,1,0,9/5/2017
3883 CONNECTICUT AVE NW #309,20008,"$659,000","$667,000","$4,000",2,2,0,9/14/2017
2803 28TH ST NW,20008,"$1,250,000","$1,220,000",$0,3,2,1,9/13/2017
3026 PORTER ST NW #104,20008,"$354,900","$345,000",$0,2,1,0,9/29/2017
3201 GARFIELD ST NW,20008,"$1,650,000","$1,610,000","$4,175",4,4,1,9/29/2017
2729 ORDWAY ST NW #5,20008,"$499,000","$521,750",$0,2,1,0,9/15/2017
3001 VEAZEY TER NW #1421,20008,"$319,000","$311,000","$1,300",1,1,0,9/18/2017
2902 PORTER ST NW #51,20008,"$450,000","$450,000",$0,1,1,0,9/25/2017
2829 CONNECTICUT AVE NW #504,20008,"$385,000","$385,000","$7,500",1,1,0,9/28/2017
3200 ELLICOTT ST NW,20008,"$1,000,000","$1,000,000",$0,3,3,1,9/20/2017
3446 CONNECTICUT AVE NW #200,20008,"$295,000","$295,000",$0,1,1,0,9/12/2017
2829 CONNECTICUT AVE NW #508,20008,"$224,500","$228,000",$0,0,1,0,9/26/2017
3601 CONNECTICUT AVE AVE NW #418,20008,"$474,500","$474,500","$3,150",1,1,0,9/8/2017
1809 PHELPS PL NW,20008,"$2,550,000","$2,500,000",$0,4,4,1,9/29/2017
,,,,,,,,
1701 16TH ST NW #204,20009,"$179,888","$179,888",$0,0,1,0,9/11/2017
2422 17TH ST NW #202,20009,"$449,900","$449,900",$0,2,2,0,9/21/2017
2422 17TH ST NW ##207,20009,"$429,900","$429,900",$0,2,2,0,9/18/2017
1601 18TH ST NW #518,20009,"$299,900","$298,970","$8,969",0,1,0,9/7/2017
1436 W ST NW #105,20009,"$141,137","$138,137",$0,1,1,0,9/5/2017
1310 Q ST NW #2,20009,"$2,845,000","$3,000,000",$0,3,3,1,9/15/2017
1310 Q ST NW #3,20009,"$2,395,000","$2,395,000",$0,3,3,1,9/11/2017
1310 Q ST NW #4,20009,"$1,295,000","$1,295,000",$0,2,2,1,9/27/2017
1310 Q ST NW #5,20009,"$1,595,000","$1,595,000",$950,2,2,0,9/13/2017
1731 20TH ST NW #11,20009,"$275,731","$262,000",$0,1,1,0,9/7/2017
2410 20TH ST NW #8,20009,"$339,990","$325,000",$0,1,1,0,9/11/2017
2380 CHAMPLAIN ST NW #302,20009,"$715,000","$710,000",$550,2,2,0,9/15/2017
3025 ONTARIO RD NW #105,20009,"$314,000","$314,000",$0,1,1,0,9/5/2017
1601 18TH ST NW #201,20009,"$360,000","$339,500",$0,1,1,0,9/22/2017
2464 ONTARIO RD NW #4,20009,"$899,900","$919,900",$0,2,2,0,9/8/2017
1756 CORCORAN ST NW #1/2B,20009,"$212,000","$208,000","$6,240",0,1,0,9/1/2017
1621 T ST NW #707,20009,"$413,500","$426,500",$0,1,1,0,9/29/2017
1704 16TH ST NW #1,20009,"$799,000","$800,000",$0,2,2,0,9/22/2017
1843 MINTWOOD PL NW #204,20009,"$499,000","$522,000","$3,000",2,2,0,9/22/2017
1931 17TH ST NW #101,20009,"$485,000","$491,000","$10,000",2,1,0,9/21/2017
1314 W ST NW #C,20009,"$375,000","$365,000",$0,1,1,0,9/22/2017
1688 EUCLID ST NW #A,20009,"$370,000","$370,000",$0,1,1,0,9/5/2017
1451 BELMONT ST NW #305,20009,"$609,000","$597,500","$5,000",1,2,0,9/11/2017
1869 MINTWOOD PL NW #24,20009,"$399,000","$391,000",$0,1,1,0,9/14/2017
2032 15TH ST NW #7,20009,"$359,900","$360,000",$500,1,1,0,9/27/2017
1335 CORCORAN ST NW,20009,"$1,995,000","$2,010,000",$0,3,2,1,9/25/2017
1865 MINTWOOD PL NW #6,20009,"$849,000","$849,000",$0,2,2,0,9/8/2017
1901 WYOMING AVE NW #57,20009,"$260,000","$260,000","$2,000",0,1,0,9/6/2017
1735 JOHNSON AVE NW #H,20009,"$1,249,000","$1,225,000",$0,2,2,1,9/25/2017
2707 ADAMS MILL RD NW #405,20009,"$515,000","$510,000","$7,500",2,1,0,9/7/2017
1820 CLYDESDALE PL NW #205,20009,"$279,900","$268,600",$0,1,1,0,9/11/2017
1801 16TH ST NW #209,20009,"$599,000","$594,500",$0,1,1,0,9/8/2017
1336 HARVARD ST NW #1,20009,"$700,000","$700,000","$15,000",3,2,2,9/30/2017
2034 16TH ST NW,20009,"$2,250,000","$2,300,000",$0,5,2,1,9/29/2017
1728 U ST NW #2,20009,"$675,000","$675,000",$0,2,1,0,9/13/2017
1900 S ST NW #3,20009,"$398,000","$385,000",$0,1,1,0,9/22/2017
2535 13TH ST NW #102,20009,"$449,900","$449,900",$0,2,1,0,9/22/2017
1128 COLUMBIA RD NW #2,20009,"$999,900","$995,000",$0,3,3,1,9/22/2017
1825 19TH ST NW #1,20009,"$699,900","$669,900",$0,2,2,0,9/25/2017
1701 16TH ST NW #236,20009,"$449,900","$439,000",$0,2,1,0,9/15/2017
1615 Q ST NW #1210,20009,"$325,000","$320,000",$0,0,1,0,9/1/2017
1701 16TH ST NW #209,20009,"$387,000","$387,000",$0,1,1,0,9/28/2017
1822 VERNON ST NW #106,20009,"$560,000","$550,000",$0,2,1,0,9/22/2017
1407 W ST NW #201,20009,"$715,000","$733,000",$0,2,2,0,9/5/2017
1852 COLUMBIA RD NW #503,20009,"$525,000","$550,000",$0,2,1,0,9/6/2017
2302 17TH ST NW,20009,"$1,325,000","$1,355,000","$9,000",3,3,1,9/29/2017
2020 12TH ST NW #410,20009,"$679,900","$679,000",$650,2,2,0,9/15/2017
1460 T ST NW,20009,"$995,000","$1,060,000",$0,2,2,0,9/15/2017
1401 Q ST NW #101,20009,"$695,000","$695,000",$0,1,1,1,9/15/2017
1833 S ST NW #23,20009,"$369,000","$369,000","$2,000",1,1,0,9/26/2017
1718 CORCORAN ST NW #52,20009,"$559,000","$565,000","$5,000",2,1,0,9/29/2017
1501 SWANN ST NW #B,20009,"$789,000","$815,000",$0,2,2,0,9/25/2017
2440 16TH ST NW #412,20009,"$359,000","$365,000",$0,1,1,0,9/7/2017
1123 EUCLID ST NW,20009,"$1,300,000","$1,333,000",$0,6,3,0,9/15/2017
1831 BELMONT RD NW #103,20009,"$349,950","$349,950","$7,750",1,1,0,9/12/2017
2039 NEW HAMPSHIRE AVE NW #209,20009,"$230,000","$230,000",$0,0,1,0,9/7/2017
1725 NEW HAMPSHIRE AVE NW #502,20009,"$589,900","$582,500","$1,000",2,2,0,9/26/2017
1688 EUCLID ST NW #B,20009,"$639,000","$681,000",$0,2,1,1,9/22/2017
2611 ADAMS MILL RD NW #307,20009,"$319,000","$315,000",$0,1,1,0,9/28/2017
1625 15TH ST NW #2,20009,"$499,000","$504,000",$0,1,1,0,9/29/2017
1830 17TH ST NW #607,20009,"$559,000","$564,000",$0,1,1,0,9/29/2017
1210 R ST NW #P-84,20009,"$50,000","$50,000",$0,0,0,0,9/11/2017
2003 13TH ST NW,20009,"$1,850,000","$1,700,000",$0,6,6,0,9/15/2017
1402 S ST NW,20009,"$2,030,000","$1,890,000","$65,000",2,2,1,9/22/2017
,,,,,,,,
3240 HIATT PL NW #5,20010,"$699,000","$660,235",$0,2,2,0,9/29/2017
3566 13TH ST NW #2,20010,"$699,900","$699,900",$0,2,2,0,9/5/2017
1390 KENYON ST NW #323,20010,"$515,000","$500,000",$0,2,2,0,9/15/2017
1519 PARK RD NW #B5,20010,"$374,990","$365,976","$7,176",2,1,1,9/29/2017
743 IRVING ST NW,20010,"$675,000","$640,000",$0,3,1,0,9/5/2017
612 KEEFER PL NW,20010,"$670,000","$669,000","$20,070",4,2,1,9/25/2017
1319 SPRING RD NW,20010,"$625,000","$635,000",$0,3,1,1,9/22/2017
1004 MONROE ST NW,20010,"$869,750","$853,000","$2,000",3,1,2,9/5/2017
1752 PARK RD NW #B,20010,"$524,555","$510,000",$0,2,1,0,9/6/2017
1201 KENYON ST NW #4,20010,"$1,149,999","$1,050,000",$0,3,3,0,9/22/2017
3114 PARK PL NW,20010,"$699,000","$699,000",$0,3,2,1,9/22/2017
1339 IRVING ST NW #C,20010,"$779,000","$770,000",$750,2,2,0,9/19/2017
623 KENYON ST NW #2,20010,"$850,000","$835,000",$0,3,3,0,9/8/2017
3321 HOLMEAD PL NW #3,20010,"$539,000","$525,000",$600,2,2,0,9/29/2017
1110 PARK RD NW,20010,"$1,139,000","$1,115,000",$0,4,3,1,9/19/2017
3532 11TH ST NW,20010,"$799,000","$799,000","$6,750",3,2,1,9/8/2017
3426 16TH ST NW #608,20010,"$539,000","$545,200",$0,2,1,0,9/6/2017
1201 KENYON ST NW #1,20010,"$534,999","$523,900",$0,2,2,0,9/8/2017
430 IRVING ST NW #203,20010,"$165,000","$175,000","$1,500",0,1,0,9/22/2017
1221 KENYON ST NW #3,20010,"$850,000","$800,000",$0,2,2,0,9/18/2017
3101 SHERMAN AVE NW ##205,20010,"$455,000","$457,500",$0,2,2,0,9/27/2017
430 IRVING ST NW #206,20010,"$295,000","$310,000",$0,1,1,0,9/22/2017
3617 13TH ST NW,20010,"$849,000","$849,000",$0,3,2,1,9/12/2017
1822 KENYON ST NW,20010,"$975,000","$1,051,000",$0,4,3,1,9/13/2017
1457 PARK RD NW #102,20010,"$297,000","$297,000","$4,455",1,1,0,9/28/2017
3318 SHERMAN AVE NW #108,20010,"$349,900","$367,500",$0,1,1,1,9/22/2017
3536 NEW HAMPSHIRE AVE NW,20010,"$750,000","$750,000",$0,4,2,0,9/30/2017
1438 MERIDIAN PL NW #302,20010,"$375,000","$390,000",$0,2,1,0,9/12/2017
3324 18TH ST NW #11,20010,"$349,000","$380,000",$0,1,1,0,9/21/2017
,,,,,,,,
509 SHERIDAN ST NW,20011,"$389,000","$375,000",$0,3,1,0,9/30/2017
1243 ROCK CREEK FORD RD NW,20011,"$343,200","$377,000",$0,4,2,0,9/29/2017
816 KENNEDY ST NW #4,20011,"$599,999","$590,000","$2,000",3,3,0,9/27/2017
809 QUACKENBOS ST NW,20011,"$494,500","$470,000",$0,3,2,0,9/28/2017
1114 GALLOWAY ST NE,20011,"$399,000","$351,000",$0,3,1,1,9/15/2017
909 DELAFIELD PL NW,20011,"$699,000","$685,000",$0,4,3,1,9/15/2017
3920 ILLINOIS AVE NW,20011,"$799,000","$785,000","$10,800",3,3,0,9/19/2017
606 TUCKERMAN ST NW,20011,"$442,500","$415,000","$5,000",3,1,0,9/8/2017
7 GRANT CIR NW #1,20011,"$799,900","$750,000",$0,4,3,0,9/13/2017
7 GRANT CIR NW #2,20011,"$899,900","$859,000",$0,4,3,0,9/15/2017
1343 SOMERSET PL NW,20011,"$729,900","$680,000",$0,4,4,0,9/29/2017
620 JEFFERSON ST NW,20011,"$529,957","$516,000","$15,480",3,2,0,9/29/2017
939 LONGFELLOW ST NW #5,20011,"$150,000","$130,000",$0,1,1,0,9/5/2017
5224 4TH ST NW #202,20011,"$312,824","$311,000","$11,000",1,1,0,9/13/2017
5621 9TH ST NW,20011,"$480,000","$485,000",$0,3,2,0,9/7/2017
4315 ARGYLE TER NW,20011,"$995,000","$995,000","$8,000",3,2,2,9/8/2017
1761 TAYLOR ST NW,20011,"$1,050,000","$1,010,000",$0,4,4,1,9/1/2017
408 RITTENHOUSE ST NW,20011,"$615,000","$610,000","$5,000",4,3,1,9/22/2017
613 KENSINGTON PL NE,20011,"$355,000","$355,500",$0,3,1,1,9/15/2017
5514 2ND ST NW,20011,"$643,900","$636,000","$4,300",4,3,1,9/11/2017
5423 8TH ST NW,20011,"$525,000","$520,000","$15,000",3,2,0,9/15/2017
3812 13TH ST NW,20011,"$649,000","$669,000",$0,4,2,0,9/5/2017
5224 4TH ST NW #101,20011,"$295,650","$295,650",$0,1,1,0,9/1/2017
700 JEFFERSON ST NW #303,20011,"$219,900","$225,950",$0,1,1,0,9/27/2017
4805 4TH ST NW #2,20011,"$325,000","$326,500","$9,750",1,1,0,9/12/2017
6202 12TH ST NW,20011,"$699,900","$697,500","$10,000",4,3,1,9/1/2017
1305 HAMILTON ST NW,20011,"$700,000","$625,000",$0,3,2,0,9/20/2017
5508 NORTH CAPITOL ST NW,20011,"$979,000","$980,000",$0,6,4,1,9/12/2017
6208 SLIGO MILL RD NE,20011,"$599,999","$586,900","$10,000",3,2,0,9/18/2017
5331 16TH ST NW,20011,"$1,449,000","$1,370,000",$0,5,3,1,9/8/2017
4800 GEORGIA AVE NW #403,20011,"$337,000","$335,000","$5,000",1,1,0,9/29/2017
1212 DECATUR ST NW,20011,"$949,000","$919,000",$0,5,3,1,9/1/2017
607 OGLETHORPE ST NW,20011,"$599,900","$599,900",$0,4,2,1,9/8/2017
939 LONGFELLOW ST NW #208,20011,"$225,000","$205,000",$0,1,1,0,9/13/2017
515 ALLISON ST NW,20011,"$800,000","$792,500","$2,250",4,3,1,9/8/2017
726 SHEPHERD ST NW,20011,"$499,900","$595,000",$0,3,1,1,9/13/2017
1416 QUINCY ST NW,20011,"$899,999","$960,000",$0,4,3,1,9/4/2017
4222 3RD ST NW,20011,"$549,900","$535,000","$14,000",3,2,0,9/15/2017
4505 ARKANSAS AVE NW,20011,"$789,000","$795,000",$0,4,3,1,9/8/2017
4616 4TH ST NW,20011,"$440,000","$460,000",$0,3,1,1,9/11/2017
5015 4TH ST NW,20011,"$769,900","$759,000","$15,000",3,3,1,9/15/2017
1219 DELAFIELD PL NW,20011,"$1,275,000","$1,260,000","$15,000",5,4,1,9/21/2017
5604 CAPITOL ST NW,20011,"$649,500","$640,000","$10,000",4,3,1,9/15/2017
113 HAMILTON ST NW,20011,"$749,900","$744,000",$0,4,3,1,9/14/2017
532 SOMERSET PL NW,20011,"$420,000","$420,000",$0,3,2,0,9/25/2017
717 ONEIDA PL NW,20011,"$535,000","$494,885","$16,050",3,2,1,9/11/2017
4514 8TH ST NW,20011,"$659,900","$652,500",$0,3,3,0,9/11/2017
1317 KENNEDY ST NW,20011,"$450,000","$450,000",$0,4,1,2,9/5/2017
611 DELAFIELD PL NW,20011,"$450,000","$450,000",$0,4,2,0,9/18/2017
1300 TAYLOR ST NW #2,20011,"$430,000","$425,000","$12,750",2,2,0,9/12/2017
5501 5TH ST NE,20011,"$405,000","$412,000","$5,000",3,1,2,9/6/2017
314 MADISON ST NW,20011,"$724,000","$703,500","$2,000",4,3,1,9/20/2017
5710 7TH ST NW,20011,"$636,000","$636,000","$18,490",3,2,1,9/25/2017
1400 OGLETHORPE ST NW #7,20011,"$275,000","$284,500",$0,1,1,0,9/15/2017
311 JEFFERSON ST NW,20011,"$469,000","$469,000",$0,3,2,0,9/19/2017
312 TAYLOR ST NW,20011,"$774,900","$805,000",$0,4,3,1,9/19/2017
1410 BUCHANAN ST NW,20011,"$839,900","$835,000","$3,800",4,3,1,9/29/2017
1610 VARNUM ST NW,20011,"$1,195,000","$1,195,000",$0,4,3,1,9/29/2017
1204 QUINCY ST NW,20011,"$899,900","$917,500",$0,4,3,1,9/18/2017
333 OGLETHORPE ST NE,20011,"$449,900","$460,000","$10,000",3,2,1,9/25/2017
4108 14TH ST NW #3,20011,"$499,000","$511,000",$0,2,2,0,9/19/2017
6319 8TH ST NW,20011,"$400,000","$385,000",$0,4,2,0,9/15/2017
5608 KANSAS AVE NW,20011,"$430,000","$432,000",$0,3,1,1,9/27/2017
641 GALLATIN ST NW,20011,"$749,900","$752,000",$0,4,3,1,9/28/2017
,,,,,,,,
6445 LUZON AVE NW #510,20012,"$169,900","$165,000","$2,500",1,1,0,9/5/2017
6914 WILLOW ST NW,20012,"$565,000","$561,000",$0,2,2,0,9/18/2017
6650 BLAIR RD NW,20012,"$549,000","$549,000","$13,152",3,2,1,9/18/2017
6425 14TH ST NW #301,20012,"$365,000","$365,000",$0,2,1,0,9/22/2017
6510 N CAPITOL ST NW,20012,"$445,000","$458,350","$13,738",2,2,1,9/29/2017
343 CEDAR ST NW #103,20012,"$459,900","$455,000",$0,2,2,1,9/29/2017
1911 SUDBURY RD NW,20012,"$895,000","$880,000",$0,5,3,0,9/12/2017
1510 VAN BUREN ST NW,20012,"$999,950","$950,000",$0,5,4,2,9/20/2017
1255 VAN BUREN ST NW,20012,"$719,000","$719,000",$0,4,3,0,9/25/2017
7529 9TH ST NW,20012,"$499,000","$485,000","$4,500",3,1,1,9/25/2017
,,,,,,,,
3119 PATTERSON PL NW,20015,"$849,000","$800,000",$0,3,3,1,9/14/2017
5410 CONNECTICUT AVE NW #914,20015,"$287,000","$282,000",$0,1,1,0,9/29/2017
6931 33RD ST NW,20015,"$779,000","$797,500","$1,000",3,2,1,9/6/2017
5346 43RD ST NW,20015,"$1,185,000","$1,140,000","$25,000",3,2,1,9/29/2017
4114 JENIFER ST NW,20015,"$824,999","$799,000",$0,3,1,1,9/22/2017
3818 INGOMAR ST NW,20015,"$2,049,000","$2,010,000",$0,6,4,1,9/8/2017
3239 MILITARY RD NW,20015,"$785,000","$825,000",$0,3,2,0,9/14/2017
3270 ABERFOYLE PL NW,20015,"$1,149,000","$1,149,000","$8,000",5,3,1,9/7/2017
3606 QUESADA ST NW,20015,"$1,495,000","$1,450,000","$7,500",6,3,1,9/8/2017
2908 LEGATION ST NW,20015,"$899,000","$950,000",$0,4,2,1,9/8/2017
5201B WISCONSIN AVE NW #213,20015,"$375,000","$370,000",$0,1,1,0,9/11/2017
3009 DANIEL LN NW,20015,"$909,000","$909,000",$0,4,3,0,9/29/2017
5406 CONNECTICUT AVE NW #407,20015,"$209,990","$202,500",$500,0,1,0,9/21/2017
5201B WISCONSIN AVE NW #313,20015,"$375,000","$365,000",$0,1,1,0,9/12/2017
5365 29TH ST NW,20015,"$1,475,000","$1,575,000",$0,5,5,1,9/30/2017
,,,,,,,,
3924 MACOMB ST NW,20016,"$1,195,000","$1,175,000",$0,5,3,1,9/14/2017
5225 PARTRIDGE LN NW,20016,"$1,995,000","$2,040,000","$45,000",7,5,1,9/29/2017
3910 GARRISON ST NW,20016,"$1,595,000","$1,585,000","$35,000",4,3,1,9/1/2017
4712 YUMA ST NW,20016,"$970,000","$970,000",$0,6,6,0,9/1/2017
3101 NEW MEXICO AVE NW #803,20016,"$239,000","$222,000",$250,0,1,0,9/15/2017
4814 NEBRASKA AVE NW,20016,"$749,000","$740,000",$0,4,2,0,9/7/2017
3900 WATSON PL NW #B-1E,20016,"$432,900","$430,000",$150,2,2,0,9/29/2017
4905 RODMAN ST NW,20016,"$2,695,000","$2,570,000",$0,5,4,1,9/5/2017
4101 ALBEMARLE ST NW #446,20016,"$450,000","$450,000",$0,1,1,0,9/15/2017
3125 CHAIN BRIDGE RD NW,20016,"$3,999,000","$3,500,000",$0,7,7,1,9/11/2017
4201 CATHEDRAL AVE NW #206W,20016,"$249,900","$249,900","$7,497",1,1,0,9/8/2017
4330 46TH ST NW,20016,"$1,089,000","$1,089,000",$0,3,3,1,9/1/2017
5058 SEDGWICK ST NW,20016,"$2,100,000","$2,000,000",$0,4,3,0,9/29/2017
3680 38TH ST NW #A241,20016,"$379,000","$377,000",$0,1,1,1,9/15/2017
4200 MASSACHUSETTS AVE NW #404,20016,"$699,000","$650,000",$0,2,2,0,9/8/2017
4401 RIVER RD NW,20016,"$895,000","$895,000","$1,000",3,2,1,9/15/2017
4420 WINDOM PL NW,20016,"$999,990","$995,000",$0,4,2,2,9/20/2017
3101 NEW MEXICO AVE NW #530,20016,"$479,530","$475,000",$0,1,1,0,9/21/2017
3620 NORTON PL NW,20016,"$1,049,000","$1,067,500","$1,500",3,3,1,9/18/2017
3941 LANGLEY CT NW #F582,20016,"$449,000","$463,500",$0,2,1,0,9/8/2017
3812 BRANDYWINE ST NW,20016,"$725,000","$757,000",$0,3,2,0,9/8/2017
3831 RODMAN ST NW #A25,20016,"$519,000","$529,000",$0,2,2,0,9/13/2017
4000 CATHEDRAL AVE NW #809B,20016,"$580,000","$563,000",$0,2,2,0,9/29/2017
4849 BRANDYWINE ST NW,20016,"$799,000","$825,000",$0,2,1,1,9/22/2017
4200 CATHEDRAL AVE NW #1115,20016,"$220,000","$228,000",$0,1,1,0,9/29/2017
5030 GARFIELD ST NW,20016,"$1,189,000","$1,200,000",$0,4,3,1,9/29/2017
4515 DAVENPORT ST NW,20016,"$1,200,000","$1,250,000",$0,3,4,0,9/9/2017
4301 MASSACHUSETTS AVE NW #6014,20016,"$419,000","$419,000",$0,2,2,0,9/15/2017
3110 WISCONSIN AVE NW #703,20016,"$530,000","$530,000",$0,2,2,0,9/25/2017
,,,,,,,,
714 DECATUR PL NE,20017,"$439,900","$420,000",$0,3,1,1,9/1/2017
TOTTEN MEWS NE,20017,"$646,256","$640,216","$25,000",3,3,1,9/19/2017
TOTTEN MEWS NE,20017,"$621,460","$599,405","$25,000",3,3,1,9/20/2017
2929 12TH ST NE,20017,"$749,900","$710,000",$0,4,2,1,9/11/2017
711 JACKSON ST NE #4,20017,"$575,000","$550,000","$1,500",2,2,0,9/5/2017
2701 6TH ST NE,20017,"$699,000","$685,000","$13,700",4,2,0,9/8/2017
4402 13TH PL NE,20017,"$599,000","$570,000","$15,000",3,2,1,9/29/2017
2952 13TH ST NE,20017,"$829,000","$824,500","$24,735",4,3,1,9/29/2017
751 GALLATIN ST NE,20017,"$379,999","$379,999",$0,3,2,0,9/8/2017
4928 SARGENT RD NE,20017,"$585,000","$590,000","$2,000",3,2,1,9/8/2017
4713 10TH ST NE,20017,"$625,000","$612,500",$0,3,3,1,9/8/2017
600 ALLISON ST NE,20017,"$499,900","$475,000","$10,000",4,2,1,9/20/2017
87 HAWTHORNE CT NE #87,20017,"$239,900","$230,000","$5,000",1,1,0,9/8/2017
3033 CHANCELLOR'S WAY NE,20017,"$869,000","$850,000",$0,4,3,1,9/14/2017
1608 CRITTENDEN ST NE,20017,"$519,900","$519,900","$5,000",3,3,0,9/14/2017
3157 HAWTHORNE DR NE #3157,20017,"$345,000","$354,500",$0,2,2,0,9/1/2017
5051 SARGENT RD NE,20017,"$379,000","$368,000","$10,650",3,1,1,9/22/2017
TOTTEN MEWS NE,20017,"$620,000","$620,000","$25,000",3,3,1,9/21/2017
1240 LAWRENCE ST NE,20017,"$799,000","$798,500",$0,3,1,1,9/22/2017
1245 EMERSON ST NE,20017,"$479,000","$500,000","$10,000",3,1,1,9/11/2017
3219 12TH ST NE #102,20017,"$589,000","$585,000","$7,000",2,2,1,9/5/2017
837 CRITTENDEN ST NE,20017,"$619,999","$622,000",$0,4,3,1,9/1/2017
641 EMERSON ST NE,20017,"$514,900","$515,000",$0,2,2,0,9/18/2017
726 EMERSON ST NE,20017,"$529,900","$533,000",$0,3,2,0,9/5/2017
4005 7TH ST NE #2,20017,"$425,000","$430,000",$0,2,2,0,9/8/2017
711 JACKSON ST NE #3,20017,"$575,000","$550,000","$1,500",2,2,0,9/29/2017
78 HAWTHORNE CT NE #78,20017,"$275,000","$285,000","$4,500",1,1,0,9/15/2017
708 IRVING ST NE #101,20017,"$399,900","$417,500",$0,2,2,0,9/18/2017
3205 12TH ST NE #101,20017,"$499,900","$490,000",$0,2,2,1,9/29/2017
4713 12TH ST NE,20017,"$649,500","$649,500",$0,3,3,1,9/18/2017
5077 8TH ST NE,20017,"$379,000","$389,000",$0,3,1,0,9/8/2017
400 EVARTS ST NE #304,20017,"$259,900","$285,000",$0,1,1,0,9/29/2017
TOTTEN MEWS NE,20017,"$575,000","$575,000","$25,000",3,3,1,9/29/2017
4000 8TH ST NE #2,20017,"$349,555","$350,000",$500,1,1,0,9/19/2017
,,,,,,,,
3052 PINEVIEW CT NE #3052,20018,"$140,100","$121,000",$0,1,1,0,9/22/2017
3052 THAYER ST NE,20018,"$250,000","$308,750",$0,3,2,0,9/12/2017
1343 BRYANT ST NE #4,20018,"$319,000","$317,000",$0,2,1,0,9/28/2017
1343 BRYANT ST NE #2,20018,"$309,000","$309,000","$12,252",2,1,0,9/1/2017
4125 19TH ST NE,20018,"$869,000","$860,000","$23,000",5,5,1,9/29/2017
3108 APPLE RD NE #12,20018,"$265,000","$270,000","$5,000",3,1,1,9/8/2017
2207 DOUGLAS ST NE,20018,"$499,900","$460,000","$13,800",3,2,0,9/18/2017
3005 17TH ST NE,20018,"$719,900","$719,900","$18,000",4,3,0,9/15/2017
1230 RHODE ISLAND AVE NE,20018,"$799,000","$792,500","$22,000",4,3,1,9/6/2017
3049 CLINTON ST NE,20018,"$574,000","$565,000","$22,500",4,3,0,9/8/2017
2833 31ST PL NE #2833,20018,"$305,000","$295,000","$7,600",3,2,1,9/8/2017
3009 SOUTH DAKOTA AVE NE,20018,"$674,900","$660,000","$19,800",4,3,1,9/13/2017
1603 NEWTON ST NE,20018,"$599,999","$632,500","$3,500",3,2,1,9/1/2017
1813 RANDOLPH ST NE,20018,"$525,000","$540,000",$0,5,2,1,9/28/2017
4229 19TH ST NE,20018,"$650,000","$650,000",$0,3,2,2,9/27/2017
4124 20TH ST NE,20018,"$609,999","$625,000",$0,3,3,0,9/6/2017
2610 MYRTLE AVE NE,20018,"$849,555","$841,500",$0,4,3,1,9/8/2017
3109 APPLE RD NE #1,20018,"$269,900","$250,000",$0,3,2,1,9/8/2017
3138 APPLE RD NE #16,20018,"$234,900","$229,000","$7,000",2,1,0,9/13/2017
4213 19TH PL NE,20018,"$759,900","$775,000",$0,4,3,1,9/11/2017
3101 CHESTNUT ST NE,20018,"$350,000","$350,000",$0,2,2,0,9/15/2017
1916 SHEPHERD ST NE,20018,"$475,000","$490,000","$14,700",3,1,1,9/12/2017
3642 WRIGHT TRL NE,20018,"$545,000","$545,000","$16,350",3,2,1,9/18/2017
3723 COMMODORE JOSHUA BARNEY DR NE,20018,"$479,000","$484,000","$14,520",2,2,2,9/15/2017
3619 18TH ST NE,20018,"$559,900","$559,900","$6,000",3,3,1,9/11/2017
3124 APPLE RD NE #16,20018,"$299,000","$299,999","$4,000",3,2,0,9/18/2017
,,,,,,,,
4903 JUST ST NE,20019,"$90,000","$90,000","$5,000",2,1,0,9/14/2017
510 50TH ST NE,20019,"$245,000","$226,000",$0,2,1,1,9/29/2017
5643 CLAY PL NE,20019,"$190,000","$170,000",$0,4,2,0,9/22/2017
429 60TH ST NE ##1,20019,"$99,900","$100,000",$0,1,1,0,9/22/2017
4601 GRANT ST NE,20019,"$485,000","$480,000",$0,8,4,0,9/15/2017
5110 H ST SE,20019,"$385,000","$391,000","$11,730",4,3,0,9/22/2017
4504 NANNIE HELEN BURROUGHS AVE NE,20019,"$299,900","$299,900",$0,3,2,1,9/29/2017
128 57TH PL SE,20019,"$410,000","$410,000",$0,3,3,1,9/8/2017
5008 B ST SE,20019,"$379,000","$375,000","$7,500",4,3,0,9/14/2017
4247 EADS ST NE,20019,"$399,999","$399,000","$10,000",4,2,0,9/5/2017
5402 BLAINE ST NE,20019,"$239,999","$240,000",$0,3,1,0,9/7/2017
6132 BANKS PL NE,20019,"$168,000","$168,000",$0,2,1,1,9/6/2017
5253 BANKS PL NE,20019,"$335,000","$330,000",$0,3,2,0,9/29/2017
3421 BAKER ST NE,20019,"$235,000","$253,000","$7,590",2,1,1,9/8/2017
256 56TH PL NE,20019,"$254,900","$254,900","$4,408",2,1,0,9/8/2017
3807 MASSACHUSETTS AVE SE,20019,"$451,000","$447,000","$11,200",4,3,0,9/14/2017
4917 FOOTE ST NE,20019,"$429,000","$421,000","$1,400",6,3,0,9/29/2017
849 51ST ST NE,20019,"$334,900","$334,900","$10,500",3,2,0,9/21/2017
5722 FOOTE ST NE,20019,"$150,000","$150,000",$0,2,1,0,9/8/2017
4816 HAYES ST NE,20019,"$399,900","$410,000","$11,000",4,3,0,9/8/2017
1242 ANACOSTIA RD SE,20019,"$569,000","$549,000",$0,5,3,1,9/29/2017
553 45TH ST NE,20019,"$250,000","$230,000",$0,3,2,0,9/27/2017
4608 EASY PL SE,20019,"$398,000","$398,000","$10,000",3,2,1,9/29/2017
4502 TEXAS AVE SE,20019,"$335,000","$345,000",$0,2,2,0,9/8/2017
4448 ALABAMA AVE SE,20019,"$250,000","$275,000",$0,3,2,0,9/28/2017
4210 BENNING RD NE #3,20019,"$64,900","$85,000",$0,2,1,0,9/15/2017
3438 DIX ST NE,20019,"$385,000","$385,000",$0,3,2,0,9/22/2017
5300 CENTRAL AVE SE,20019,"$445,988","$428,000",$0,6,4,0,9/5/2017
1017 49TH ST NE,20019,"$319,999","$319,000","$1,500",3,2,0,9/14/2017
15 40TH ST NE,20019,"$289,000","$298,600","$8,958",3,2,0,9/7/2017
1205 42ND PL NE,20019,"$399,900","$405,000","$16,000",4,2,0,9/1/2017
5030 IVORY WALTERS LN SE,20019,"$357,975","$363,975","$6,000",3,2,1,9/22/2017
3321 DUBOIS PL SE,20019,"$375,000","$365,000","$5,000",3,2,0,9/22/2017
3354 BAKER ST NE,20019,"$200,000","$200,000","$4,000",2,1,1,9/15/2017
4414 DOUGLAS ST NE,20019,"$265,000","$212,500",$0,3,1,1,9/26/2017
3327 B ST SE,20019,"$339,900","$350,000",$0,3,2,0,9/27/2017
4513 EADS PL NE,20019,"$324,990","$325,000",$0,2,2,0,9/18/2017
823 52ND ST NE,20019,"$158,650","$158,650",$0,2,2,0,9/12/2017
718 HILLTOP TER SE,20019,"$389,900","$400,000","$8,000",3,3,1,9/20/2017
3233 ELY PL SE,20019,"$236,000","$236,000",$0,3,1,1,9/6/2017
113 34TH ST SE,20019,"$299,900","$309,000","$9,270",3,1,1,9/18/2017
5341 JAY ST NE,20019,"$349,000","$353,000",$0,4,3,0,9/22/2017
3315 AMES ST NE,20019,"$350,000","$375,000","$2,350",2,1,1,9/15/2017
4305 MASSACHUSETTS AVE SE,20019,"$455,000","$455,000",$0,4,3,0,9/25/2017
4341 F ST SE,20019,"$324,500","$330,000",$0,2,2,0,9/26/2017
527 59TH ST NE,20019,"$345,000","$302,000",$0,3,2,0,9/29/2017
5017 SHERIFF RD NE,20019,"$195,000","$213,000","$6,390",2,1,0,9/29/2017
4020 GRANT ST NE,20019,"$215,000","$206,000",$0,2,1,0,9/19/2017
4808 B ST SE,20019,"$199,000","$199,000",$0,2,1,0,9/1/2017
4684 A ST SE,20019,"$193,800","$203,000",$0,2,1,0,9/28/2017
,,,,,,,,
2425 18TH PL SE,20020,"$215,000","$206,000","$6,000",3,2,0,9/29/2017
2641 BOWEN RD SE #A,20020,"$199,987","$170,000",$0,2,1,0,9/22/2017
2301 IRVING ST SE,20020,"$395,000","$360,000",$0,3,3,0,9/25/2017
2665 MARTIN LUTHER KING JR. AVE SE #201,20020,"$139,900","$139,900",$900,2,1,0,9/15/2017
2801 BUENA VISTA TER SE,20020,"$324,900","$330,000",$0,3,2,1,9/29/2017
3821 V ST SE #101,20020,"$66,500","$80,000",$0,1,1,0,9/30/2017
2711 Q ST SE #203,20020,"$1,490","$1,490",$0,1,1,0,9/29/2017
2209 MINNESOTA AVE SE,20020,"$375,000","$350,000","$1,500",3,2,0,9/22/2017
2609 WADE RD SE,20020,"$200,000","$200,000",$0,4,2,0,9/29/2017
13081308 TALBERT CT SE #22B,20020,"$369,000","$358,000",$0,3,2,1,9/22/2017
1423 22ND ST SE,20020,"$387,000","$378,000","$9,000",3,2,1,9/26/2017
3031 30TH ST SE #5,20020,"$20,000","$22,000",$660,3,1,0,9/22/2017
2601 DOUGLASS RD SE #302,20020,"$220,000","$220,000","$5,350",2,2,0,9/4/2017
3937 S ST SE #8A,20020,"$75,000","$64,050",$0,2,1,0,9/15/2017
1711 FORT DAVIS ST SE,20020,"$299,900","$305,500","$5,500",3,2,0,9/22/2017
1742 GALEN ST SE,20020,"$286,000","$275,500","$5,500",3,2,1,9/8/2017
1611 Q ST SE,20020,"$249,995","$250,000",$0,3,1,0,9/25/2017
1853 BRUCE PL SE,20020,"$324,900","$325,000",$0,3,3,0,9/14/2017
3012 22ND ST SE,20020,"$319,900","$305,000","$2,450",2,2,0,9/1/2017
2640 STANTON RD SE,20020,"$205,000","$207,000",$0,2,1,0,9/12/2017
1950 NAYLOR RD SE #203,20020,"$155,000","$161,000","$4,830",2,1,0,9/30/2017
1900 18TH ST SE,20020,"$254,400","$268,000",$0,3,1,1,9/29/2017
2320 CHESTER ST SE #102,20020,"$64,500","$67,725",$0,2,1,0,9/26/2017
1923 TREMONT ST SE,20020,"$325,000","$300,000","$4,000",4,1,1,9/29/2017
1404 42ND PL SE,20020,"$389,000","$400,000","$4,981",4,2,0,9/21/2017
1401 RIDGE PL SE,20020,"$499,950","$501,000",$0,3,2,1,9/15/2017
2333 16TH ST SE #304,20020,"$189,500","$193,500",$0,2,1,0,9/15/2017
1902 TREMONT ST SE,20020,"$299,900","$300,000","$7,000",3,1,1,9/29/2017
2228 R ST SE,20020,"$499,000","$490,000","$10,000",4,3,0,9/18/2017
2011 16TH ST SE,20020,"$399,900","$435,000",$0,6,4,0,9/15/2017
1726 MINNESOTA AVE SE,20020,"$295,000","$310,000",$0,3,2,0,9/28/2017
1917 T ST SE,20020,"$265,000","$265,000",$0,2,1,1,9/20/2017
3100 24TH ST SE,20020,"$274,000","$281,500",$0,3,1,1,9/29/2017
1731 S ST SE,20020,"$450,000","$511,000",$0,3,3,1,9/20/2017
2115 SUITLAND TER SE #102,20020,"$135,900","$130,000",$0,2,1,0,9/29/2017
2311 ALTAMONT PL SE #1,20020,"$70,000","$65,000",$0,1,1,0,9/20/2017
2012 RIDGE PL SE,20020,"$298,000","$325,000",$0,3,1,1,9/29/2017
1736 S ST SE,20020,"$350,000","$330,000",$0,4,4,0,9/13/2017
,,,,,,,,
530 N SW #S310,20024,"$189,900","$210,000",$0,0,1,0,9/1/2017
520 N ST SW #S227,20024,"$180,000","$175,000",$0,0,1,0,9/1/2017
520 N ST SW #S-112,20024,"$242,900","$242,900","$2,250",0,1,0,9/15/2017
520 N ST SW #S 230,20024,"$299,999","$295,000","$2,000",1,1,0,9/22/2017
1252 6TH ST SW #NA,20024,"$2,500,000","$2,400,000",$0,5,2,1,9/28/2017
525 WATER ST SW #411,20024,"$419,900","$419,900",$0,1,1,0,9/22/2017
1425 4TH ST SW #A414,20024,"$315,000","$336,000",$0,1,1,0,9/5/2017
1435 4TH ST SW #B515,20024,"$240,000","$240,000",$0,1,1,0,9/7/2017
431 N ST SW,20024,"$925,000","$865,000","$4,500",2,2,1,9/5/2017
560 N ST SW #N409,20024,"$349,000","$346,000","$10,000",1,1,0,9/29/2017
800 4TH ST SW #N-703,20024,"$274,900","$271,500",$0,0,1,0,9/20/2017
1250 4TH ST SW #W203,20024,"$349,900","$339,000",$0,1,1,0,9/29/2017
1250 4TH ST SW #W810,20024,"$299,000","$305,165","$9,155",1,1,0,9/7/2017
609 7TH ST SW,20024,"$859,000","$859,000",$0,2,2,1,9/28/2017
700 7TH ST SW #533,20024,"$400,000","$399,999",$0,2,1,0,9/8/2017
,,,,,,,,
135 DANBURY ST SW,20032,"$300,000","$280,000",$0,3,3,1,9/28/2017
823 YUMA ST SE,20032,"$320,000","$315,000",$0,3,2,0,9/13/2017
742 BRANDYWINE ST SE #301,20032,"$75,000","$70,000",$0,2,1,0,9/14/2017
4252 MARTIN LUTHER KING JR AVE SW,20032,"$305,000","$301,500","$5,402",2,2,1,9/29/2017
3219 5TH ST SE,20032,"$299,999","$306,000",$0,3,1,1,9/15/2017
1803 VALLEY TER SE,20032,"$285,000","$290,000","$14,965",3,2,1,9/19/2017
1204 BARNABY TER SE,20032,"$294,999","$294,999","$8,847",3,2,1,9/28/2017
734 MISSISSIPPI AVE SE,20032,"$395,000","$395,000","$1,300",4,3,0,9/1/2017
3303 7TH ST SE,20032,"$474,000","$474,000","$9,480",4,3,1,9/22/2017
509 OAKWOOD ST SE,20032,"$192,100","$176,000",$0,4,2,0,9/21/2017
791 BARNABY ST SE,20032,"$349,990","$349,990","$1,400",3,2,1,9/8/2017
450 CONDON TER SE #208,20032,"$97,500","$86,500",$0,2,1,0,9/20/2017
162 JOLIET ST SW,20032,"$190,000","$210,000",$0,5,2,0,9/22/2017
,,,,,,,,
1325 18TH ST NW #805,20036,"$399,900","$380,000",$0,1,1,0,9/8/2017
1260 21ST ST NW #215,20036,"$265,000","$260,000",$0,0,1,0,9/25/2017
1260 21ST ST NW #906,20036,"$295,000","$292,000",$0,1,1,0,9/22/2017
1401 17TH ST NW #310,20036,"$425,000","$425,000",$0,1,1,0,9/29/2017
1301 20TH ST NW #517,20036,"$274,900","$282,000",$0,0,1,0,9/12/2017
1718 P ST NW #L1,20036,"$269,555","$270,000",$0,0,1,0,9/22/2017
1526 17TH ST NW #101,20036,"$379,000","$379,000",$0,1,1,0,9/29/2017
1330 NEW HAMPSHIRE AVE NW #521,20036,"$295,000","$274,000",$0,0,1,0,9/29/2017
1301 20TH ST NW #213,20036,"$368,500","$368,500",$0,1,1,0,9/18/2017
1718 P ST NW #704,20036,"$424,900","$415,000",$0,1,1,0,9/29/2017
1727 MASSACHUSETTS AVE NW #518,20036,"$230,555","$221,000",$0,1,1,0,9/15/2017
,,,,,,,,
955 26TH ST NW #P33,20037,"$45,000","$40,000",$0,0,1,0,9/11/2017
2475 VIRGINIA AVENUE NW #713,20037,"$259,000","$256,000","$5,000",1,1,0,9/30/2017
1111 25TH ST NW #304,20037,"$530,000","$521,500",$0,1,1,0,9/28/2017
700 NEW HAMPSHIRE AVE NW #307,20037,"$849,000","$825,000",$0,2,2,0,9/25/2017
2201 L ST NW #117,20037,"$299,900","$295,000",$0,0,1,0,9/29/2017
730 24TH ST NW #416,20037,"$235,000","$230,000",$0,0,1,0,9/29/2017
1099 22ND ST NW #403,20037,"$699,000","$699,000",$0,2,2,1,9/29/2017
2141 I ST NW #407,20037,"$199,000","$195,000",$0,0,1,0,9/9/2017
922 24TH ST NW #121,20037,"$325,000","$331,000",$0,1,1,0,9/29/2017
4539 43RD PL NW,20016,"$1,399,000","$1,372,000",$0,5,3,0,8/14/2017
4916 44TH ST NW,20016,"$799,000","$800,000",$0,4,2,0,8/24/2017
3811 NEWARK ST NW #F438,20016,"$339,900","$342,000","$6,700",1,1,0,8/11/2017
4551 GRANT RD NW,20016,"$899,000","$950,000",$250,3,2,1,8/17/2017
3217 WISCONSIN AVE NW #7D,20016,"$229,995","$227,500",$250,0,1,0,8/25/2017
3611 39TH ST NW #E329,20016,"$479,000","$480,000",$0,2,1,0,8/16/2017
3881 NEWARK ST NW #C477,20016,"$357,500","$365,000","$1,000",1,1,0,8/18/2017
4816 ALTON PL NW,20016,"$925,000","$925,000",$0,4,2,0,8/23/2017
5321 MACOMB ST NW,20016,"$907,000","$907,000",$0,3,2,0,8/21/2017
3760 39TH ST NW #F144,20016,"$525,000","$525,000",$0,3,1,0,8/21/2017
4201 CATHEDRAL AVE NW #607W,20016,"$255,000","$255,000",$0,1,1,0,8/25/2017
4315 MASSACHUSETTS AVE NW,20016,"$549,000","$549,000",$0,2,2,1,8/28/2017
3540 39TH ST NW #B644,20016,"$545,000","$550,000",$0,2,2,0,8/31/2017
4101 CATHEDRAL AVE NW #517,20016,"$579,000","$579,000",$0,2,2,0,8/3/2017
4617 43RD ST NW,20016,"$749,900","$829,177",$0,3,1,1,8/29/2017
4101 CATHEDRAL AVE NW #511/512,20016,"$600,000","$600,000",$0,2,2,1,8/3/2017
,,,,,,,,
1615 WEBSTER ST NE,20017,"$530,000","$520,000","$3,500",3,2,0,8/4/2017
2917 7TH ST NE,20017,"$549,901","$525,000","$15,750",3,2,1,8/18/2017
1267 DELAFIELD PL NE,20017,"$399,500","$399,500","$11,985",3,1,1,8/21/2017
711 JACKSON ST NE #2,20017,"$525,000","$525,000","$12,000",2,2,0,8/15/2017
4722 6TH PL NE,20017,"$459,000","$440,000",$0,3,2,1,8/4/2017
633 FRANKLIN ST NE,20017,"$705,000","$705,000","$2,500",3,3,1,8/10/2017
4914 12TH ST NE,20017,"$400,000","$370,000",$0,3,1,1,8/9/2017
801 DELAFIELD ST NE,20017,"$415,000","$420,000","$2,148",3,2,2,8/25/2017
4000 8TH ST NE #1,20017,"$424,555","$437,270",$500,2,2,0,8/23/2017
1520 GALLATIN PL NE,20017,"$524,900","$520,000","$9,325",3,2,2,8/15/2017
573 REGENT PL NE,20017,"$825,000","$800,000",$0,3,3,1,8/18/2017
615 GALLATIN ST NE,20017,"$350,000","$325,000",$0,2,1,1,8/31/2017
1348 NEWTON ST NE,20017,"$675,000","$732,500",$0,3,2,0,8/22/2017
563 REGENT PL NE,20017,"$769,000","$764,000",$0,3,3,1,8/17/2017
706 DECATUR PL NE,20017,"$615,000","$625,000",$100,3,3,1,8/4/2017
1352 KEARNY ST NE,20017,"$639,000","$675,000",$0,3,1,1,8/4/2017
904 JACKSON ST NE,20017,"$599,000","$616,000",$0,3,2,0,8/11/2017
5049 10TH ST NE,20017,"$449,000","$498,500",$0,3,1,1,8/10/2017
1244 JACKSON ST NE,20017,"$674,900","$725,000",$0,3,2,1,8/10/2017
641 GIRARD ST NE,20017,"$509,900","$515,000",$0,3,1,0,8/2/2017
620 FARADAY PL NE,20017,"$449,900","$449,900",$0,3,2,0,8/16/2017
1045 MICHIGAN AVE NE #1045,20017,"$425,000","$426,500","$10,000",3,2,1,8/31/2017
1227 FRANKLIN ST NE,20017,"$699,999","$752,000",$0,3,2,1,8/25/2017
1425 OTIS ST NE,20017,"$549,000","$600,000",$0,4,2,0,8/17/2017
,,,,,,,,
2202 LAWRENCE ST NE,20018,"$515,000","$485,500",$0,4,2,1,8/8/2017
2930 MILLS AVE NE,20018,"$899,000","$870,000",$0,6,5,1,8/11/2017
1343 BRYANT ST NE #1,20018,"$295,000","$292,000","$17,520",2,1,0,8/31/2017
1866 BRYANT ST NE,20018,"$284,900","$300,000","$9,000",4,2,1,8/18/2017
3123 NEWTON ST NE,20018,"$459,000","$447,000","$9,500",4,3,1,8/18/2017
3338 BANNEKER DR NE #3338,20018,"$315,000","$315,000",$0,3,2,1,8/25/2017
2628 22ND ST NE,20018,"$489,800","$470,000",$0,3,2,0,8/18/2017
2907 MILLS AVE NE,20018,"$684,900","$695,000","$10,000",4,3,1,8/17/2017
1722 DOUGLAS ST NE,20018,"$619,000","$632,000","$18,000",3,3,0,8/18/2017
2622 10TH ST NE,20018,"$599,000","$599,000",$0,3,1,1,8/2/2017
1304 ADAMS ST NE #2,20018,"$199,900","$199,900",$0,2,1,0,8/15/2017
1337 ADAMS ST NE #3,20018,"$275,000","$275,000",$0,2,1,0,8/8/2017
3722 24TH ST NE,20018,"$734,900","$729,000",$0,4,3,1,8/9/2017
2302 MONROE ST NE,20018,"$849,999","$905,000",$0,5,4,0,8/22/2017
1817 KEARNY ST NE,20018,"$688,500","$700,000",$0,4,2,1,8/31/2017
3011 20TH ST NE,20018,"$599,999","$550,000",$0,3,2,0,8/31/2017
3708 HANSBERRY CT NE,20018,"$550,000","$543,000",$0,3,3,1,8/25/2017
2842 30TH ST NE,20018,"$399,000","$399,000",$0,3,1,0,8/26/2017
2472 BALDWIN CRES NE,20018,"$607,500","$607,500",$650,4,2,1,8/4/2017
3050 VISTA ST NE,20018,"$419,000","$419,000",$0,3,2,0,8/28/2017
,,,,,,,,
4332 GORMAN TER SE,20019,"$299,000","$309,000",$0,2,1,0,8/15/2017
1310 EASTERN AVE NE,20019,"$315,000","$315,000","$6,300",3,2,0,8/15/2017
450 EASTERN AVE NE,20019,"$250,000","$250,000",$0,3,2,1,8/15/2017
434 EASTERN AVE NE,20019,"$239,900","$245,000","$2,000",3,2,1,8/30/2017
5245 KARL PL NE,20019,"$370,000","$360,000","$9,862",4,4,0,8/23/2017
121 47TH ST SE,20019,"$285,000","$288,500","$8,500",2,1,0,8/11/2017
4525 EDSON PL NE,20019,"$104,900","$125,000",$0,3,1,0,8/14/2017
50085010 JAY ST NE,20019,"$330,000","$330,000",$0,3,2,0,8/28/2017
2930 M PL SE,20019,"$450,000","$410,000",$0,3,2,0,8/11/2017
857 52ND ST NE,20019,"$154,900","$152,000","$4,560",2,1,0,8/25/2017
4941 BLAINE ST NE,20019,"$225,000","$191,000",$0,3,2,0,8/2/2017
115 47TH ST NE,20019,"$450,000","$435,000","$10,000",3,3,1,8/18/2017
5217 D ST SE,20019,"$424,900","$425,000","$10,000",4,3,1,8/23/2017
1243 CHAPLIN ST SE,20019,"$435,000","$432,000",$0,4,2,0,8/10/2017
836 49TH ST NE,20019,"$375,000","$365,000","$1,000",4,3,0,8/31/2017
3121 LYNDALE PL SE,20019,"$294,900","$277,000",$0,2,1,1,8/1/2017
5322 JAMES PL NE,20019,"$365,000","$355,000",$0,4,3,1,8/25/2017
5133 SHERIFF RD NE,20019,"$249,900","$260,000",$0,2,1,0,8/30/2017
5527 CENTRAL AVE SE,20019,"$289,000","$287,000",$0,2,2,0,8/31/2017
4807 FITCH PL NE,20019,"$419,000","$419,000","$6,500",4,3,1,8/15/2017
4382 DUBOIS PL SE,20019,"$260,000","$297,000",$0,3,2,0,8/15/2017
4510 EDSON PL NE,20019,"$121,794","$186,309",$0,2,1,0,8/14/2017
53 46TH ST NE,20019,"$315,000","$365,000","$10,875",3,2,0,8/4/2017
1113 47TH PL NE,20019,"$315,000","$316,000",$0,2,2,1,8/21/2017
1236 45TH PL SE,20019,"$425,000","$416,500","$16,000",3,2,1,8/11/2017
4219 MEADE ST NE,20019,"$250,000","$255,000",$3,3,1,1,8/28/2017
4208 HILDRETH ST SE,20019,"$335,000","$335,000","$9,750",3,2,0,8/24/2017
4112 GAULT PL NE,20019,"$399,000","$387,500",$0,4,2,1,8/17/2017
238 57TH PL NE,20019,"$225,000","$250,000",$0,4,3,1,8/18/2017
4707 BASS PL SE,20019,"$310,000","$310,000",$0,3,1,1,8/8/2017
1107 44TH PL SE,20019,"$475,000","$439,000","$4,390",3,3,0,8/30/2017
5056 B ST SE,20019,"$285,500","$290,000","$5,000",2,1,0,8/21/2017
1031 46TH ST NE,20019,"$384,999","$384,999",$0,3,2,1,8/23/2017
5224 BASS PL SE,20019,"$399,000","$394,000",$0,4,3,1,8/14/2017
71 55TH ST SE,20019,"$400,000","$400,000","$10,000",3,2,0,8/25/2017
3349 BLAINE ST NE,20019,"$385,000","$385,000","$5,000",2,2,1,8/16/2017
836 51ST ST NE,20019,"$270,000","$247,000","$5,000",2,1,0,8/31/2017
825 50TH PL NE,20019,"$319,900","$317,000",$0,3,2,1,8/25/2017
5349 AMES ST NE,20019,"$349,900","$349,900","$3,499",3,2,1,8/21/2017
710 32ND ST SE,20019,"$287,000","$290,000",$0,2,1,0,8/25/2017
913 45TH PL NE,20019,"$379,900","$399,999",$450,3,2,0,8/11/2017
4359 C ST SE,20019,"$285,000","$295,000","$6,000",2,2,0,8/22/2017
4001 ANACOSTIA AVE NE,20019,"$499,000","$505,200",$0,4,2,1,8/22/2017
5053 SHERIFF RD NE,20019,"$299,900","$310,000","$6,500",3,1,1,8/31/2017
6126 BANKS PL NE,20019,"$320,000","$330,000",$0,2,2,0,8/31/2017
,,,,,,,,
1613 25TH ST SE,20020,"$349,900","$330,000",$0,3,2,1,8/11/2017
2311 ALTAMONT PL SE #3,20020,"$85,000","$77,500",$0,2,1,0,8/25/2017
2021 SAVANNAH PL SE,20020,"$206,000","$206,000",$0,2,1,0,8/4/2017
2316 GREEN ST SE,20020,"$162,000","$158,000",$0,3,1,1,8/25/2017
3011 PARK DR SE,20020,"$399,000","$452,000",$701,5,3,2,8/5/2017
1654 40TH ST SE,20020,"$248,575","$250,000","$7,050",3,1,0,8/24/2017
2029 38TH ST SE #A,20020,"$105,000","$120,000",$0,2,1,0,8/31/2017
2605 DOUGLASS RD SE #302,20020,"$224,900","$162,225",$0,2,2,0,8/2/2017
2850 HARTFORD ST SE #202,20020,"$86,900","$90,000",$0,2,1,0,8/30/2017
3861 PENNSYLVANIA AVE SE #B,20020,"$174,999","$170,000",$0,2,1,1,8/15/2017
2520 18TH ST SE,20020,"$494,555","$490,000",$0,4,3,1,8/11/2017
1336 RIDGE PL SE,20020,"$399,999","$399,999",$500,2,2,0,8/18/2017
4255 FORT DUPONT TER SE,20020,"$285,000","$265,000",$0,3,1,0,8/17/2017
1962 NAYLOR RD SE #16,20020,"$183,000","$183,000","$5,000",2,1,0,8/4/2017
1667 FORT DAVIS PL SE,20020,"$269,500","$269,950",$0,3,2,0,8/3/2017
2133 32ND ST SE,20020,"$515,000","$545,000","$10,900",4,2,1,8/15/2017
2116 SUITLAND TER SE #201,20020,"$76,000","$74,000",$0,1,1,0,8/14/2017
3206 15TH PL SE,20020,"$349,999","$349,999","$9,750",4,2,1,8/25/2017
1335 T ST SE,20020,"$350,000","$270,000",$0,4,1,1,8/21/2017
1519 41ST ST SE,20020,"$375,000","$362,000",$0,3,2,0,8/29/2017
2007 32ND ST SE,20020,"$575,000","$575,000",$0,4,2,1,8/22/2017
1816 MINNESOTA AVE SE,20020,"$329,877","$300,000",$0,2,1,1,8/29/2017
3167 WESTOVER DR SE,20020,"$515,000","$550,000",$0,3,2,1,8/28/2017
2000 TRENTON PL SE,20020,"$310,000","$310,000",$0,3,2,1,8/11/2017
2304 SOUTHERN AVE SE,20020,"$339,000","$310,000",$0,3,2,0,8/31/2017
2211 RETTA GILLIAM CT SE,20020,"$499,900","$515,000","$15,000",4,3,1,8/4/2017
3008 ALABAMA AVE SE,20020,"$499,900","$510,000","$15,300",4,3,0,8/18/2017
1337 MAPLE VIEW PL SE,20020,"$549,900","$555,000",$0,3,2,1,8/7/2017
2241 PROUT ST SE,20020,"$324,900","$329,500","$9,885",2,1,1,8/9/2017
2901 BRANCH AVE SE,20020,"$750,000","$750,000",$0,5,3,2,8/31/2017
1328 TALBERT TER SE,20020,"$359,000","$335,000","$1,000",2,2,0,8/24/2017
2500 34TH ST SE,20020,"$700,000","$700,000",$0,5,2,1,8/11/2017
2009 37TH ST SE #301,20020,"$209,900","$213,000","$6,390",3,2,0,8/17/2017
2206 IRVING ST SE,20020,"$210,000","$210,000","$1,000",2,1,1,8/29/2017
3206 NASH PL SE,20020,"$515,000","$515,000",$0,6,4,0,8/31/2017
3072 30TH ST SE #302,20020,"$26,900","$30,750",$0,2,1,0,8/29/2017
3834 CARPENTER ST SE,20020,"$470,000","$479,400",$0,3,2,1,8/31/2017
,,,,,,,,
525 WATER ST SW #330,20024,"$389,900","$392,900",$0,1,1,0,8/25/2017
1245 4TH ST SW #E-400,20024,"$299,900","$299,900","$3,000",1,1,0,8/29/2017
525 WATER ST SW #311,20024,"$409,900","$409,900","$5,000",1,1,0,8/28/2017
1301 DELAWARE AVE SW #N516,20024,"$215,000","$205,000",$0,1,1,0,8/11/2017
350 G ST SW #N-403,20024,"$260,000","$260,000","$4,504",0,1,0,8/31/2017
240 M ST SW #E100,20024,"$360,000","$370,500",$0,2,1,1,8/29/2017
1311 DELAWARE AVE SW #S526,20024,"$319,900","$305,000","$5,000",2,2,0,8/16/2017
300 M ST SW #N303,20024,"$229,000","$224,900",$0,0,1,0,8/31/2017
300 M ST SW #N102,20024,"$224,900","$220,000",$300,0,1,0,8/4/2017
1311 DELAWARE AVE SW #S-748,20024,"$149,900","$149,900",$0,0,1,0,8/31/2017
490 M ST SW #W-702,20024,"$334,900","$350,000",$0,1,1,0,8/15/2017
800 4TH ST SW #N618,20024,"$339,000","$349,000",$0,1,1,0,8/25/2017
703 3RD ST SW #602,20024,"$649,900","$675,500",$0,3,2,0,8/17/2017
520 N STREET SW #S313,20024,"$245,000","$250,777",$0,1,1,0,8/16/2017
355 I ST SW #214,20024,"$385,000","$380,000","$6,000",1,1,0,8/30/2017
800 4TH ST SW #N815,20024,"$479,900","$479,900","$10,000",1,1,1,8/31/2017
430 M ST SW ##N-210,20024,"$195,000","$195,000",$0,0,1,0,8/18/2017
,,,,,,,,
5 BRANDYWINE ST SE #B-35,20032,"$40,000","$37,800",$0,2,1,0,8/8/2017
5 BRANDYWINE ST SE #B-33,20032,"$40,000","$40,000",$0,2,1,0,8/2/2017
3868 9TH ST SE #101,20032,"$80,000","$73,000",$0,2,1,0,8/23/2017
721 BRANDYWINE ST SE #102,20032,"$103,000","$100,000",$0,1,1,0,8/18/2017
4290 SOUTH CAPITOL ST SW,20032,"$370,000","$377,000","$6,000",4,3,1,8/14/2017
1935 VALLEY TER SE,20032,"$336,000","$333,000","$10,000",3,2,1,8/18/2017
3647 HORNER PL SE,20032,"$299,900","$299,900","$5,980",3,2,0,8/3/2017
3922 1ST ST SW,20032,"$199,000","$232,500",$0,5,2,0,8/9/2017
1954 VALLEY TER SE,20032,"$299,000","$311,000","$11,000",3,3,0,8/25/2017
702 CHESAPEAKE ST SE,20032,"$345,000","$345,000","$5,000",3,2,1,8/22/2017
1105 VARNEY ST SE,20032,"$345,000","$348,000",$0,3,2,2,8/31/2017
4308 9TH ST SE,20032,"$150,000","$205,322",$0,3,2,0,8/8/2017
437 VALLEY AVE SE,20032,"$349,950","$340,000",$0,3,2,0,8/1/2017
2915 8TH ST SE #5201,20032,"$97,000","$138,000","$4,140",1,1,0,8/16/2017
626 CHESAPEAKE ST SE,20032,"$349,900","$345,000","$69,000",3,2,0,8/18/2017
3219 12TH PL SE,20032,"$279,000","$255,000","$8,375",3,2,0,8/30/2017
4314 MARTIN LUTHER KING JR AVE SW,20032,"$200,000","$201,000",$0,3,1,1,8/4/2017
3872 9TH ST SE #302,20032,"$64,900","$64,900",$0,1,1,0,8/28/2017
718 ALABAMA AVE SE,20032,"$219,900","$261,000",$0,3,1,0,8/31/2017
3872 9TH ST SE #102,20032,"$65,000","$65,000",$0,1,1,0,8/30/2017
,,,,,,,,
1711 MASSACHUSETTS AVE NW #108,20036,"$375,000","$360,000","$2,000",1,1,0,8/1/2017
1514 21ST ST NW #3,20036,"$539,000","$515,200","$1,375",1,1,0,8/23/2017
1 SCOTT CIR NW #514,20036,"$209,900","$202,500",$500,0,1,0,8/29/2017
1737 P ST NW #101,20036,"$274,900","$270,000","$8,000",1,1,0,8/31/2017
1316 NEW HAMPSHIRE AVE NW #706,20036,"$294,900","$294,900",$0,0,1,0,8/18/2017
1526 17TH ST NW #411,20036,"$589,900","$603,000",$0,2,2,0,8/11/2017
1 SCOTT CIR NW #206,20036,"$259,000","$256,000",$0,1,1,0,8/21/2017
1718 P ST NW #202,20036,"$429,000","$415,000",$0,1,1,0,8/17/2017
1301 20TH ST NW #801,20036,"$259,500","$255,000",$600,0,1,0,8/18/2017
1316 NEW HAMPSHIRE AVE NW #305,20036,"$369,900","$369,900","$5,555",1,1,0,8/25/2017
1514 17TH ST NW #506,20036,"$415,000","$415,000",$0,1,1,0,8/1/2017
1401 17TH ST NW #208,20036,"$390,000","$399,999",$0,1,1,0,8/7/2017
1 SCOTT CIR NW #2,20036,"$269,900","$275,000",$0,1,1,0,8/4/2017
1260 21ST ST NW #103,20036,"$299,900","$301,000",$500,1,1,0,8/14/2017
1545 18TH ST NW #506,20036,"$380,000","$399,999",$0,1,1,0,8/18/2017
1830 JEFFERSON PL NW #7,20036,"$649,900","$675,000",$0,1,2,0,8/18/2017
,,,,,,,,
940 25TH ST NW #607-S,20037,"$215,000","$207,000",$0,0,1,0,8/28/2017
2700 VIRGINIA AVE NW #1004,20037,"$499,000","$475,000",$0,1,1,1,8/31/2017
700 NEW HAMPSHIRE AVE NW #1016,20037,"$649,000","$620,000",$0,2,2,0,8/11/2017
1155 23RD ST NW #N6C,20037,"$1,439,000","$1,360,000",$0,2,2,1,8/14/2017
2510 VIRGINIA AVE NW #2E-N,20037,"$799,000","$775,000",$0,2,2,1,8/21/2017
1155 23RD ST NW #7C,20037,"$1,599,000","$1,510,000",$0,2,2,1,8/22/2017
2500 VIRGINIA AVE NW #1005-S,20037,"$695,000","$695,000",$0,2,2,0,8/31/2017
2475 VIRGINIA AVE NW #404,20037,"$539,000","$535,001","$1,250",2,2,0,8/16/2017
950 25TH ST NW #227-N,20037,"$275,000","$255,000",$0,1,1,0,8/21/2017
2700 VIRGINIA AVE NW #408,20037,"$499,000","$483,000",$0,1,1,0,8/9/2017
730 24TH ST NW #211,20037,"$284,000","$285,000",$0,1,1,0,8/1/2017
1230 23RD ST NW #603,20037,"$425,000","$422,500",$0,1,1,0,8/4/2017
2501 PENNSYLVANIA AVE NW #3B,20037,"$1,900,000","$1,835,000",$0,2,2,1,8/31/2017
2401 H ST NW #507,20037,"$305,000","$295,000",$0,1,1,0,8/1/2017
2475 VIRGINIA AVE NW #707,20037,"$325,000","$317,000","$6,400",1,1,0,8/28/2017
1155 23RD ST NW #3-M,20037,"$859,900","$810,000",$0,1,2,0,8/14/2017
955 26TH ST NW #408,20037,"$499,500","$480,000",$0,1,1,0,8/30/2017
2500 VIRGINIA AVE NW #1116-S,20037,"$900,000","$955,000",$0,2,2,0,8/24/2017
2555 PENNSYLVANIA AVE NW #411,20037,"$649,000","$649,000",$0,1,1,1,8/9/2017
2401 H ST NW #202,20037,"$309,900","$301,000",$0,1,1,0,8/25/2017
950 25TH ST NW #401-N,20037,"$168,000","$160,000",$0,0,1,0,8/16/2017
2425 L ST NW #421,20037,"$628,000","$621,500",$0,1,1,0,8/16/2017
950 25TH ST NW #304-S,20037,"$200,000","$193,000",$0,0,1,0,8/11/2017
2201 L ST NW #619,20037,"$295,000","$288,000",$0,0,1,0,8/30/2017
950 25TH ST NW #502-N,20037,"$245,000","$245,000",$0,1,1,0,8/24/2017
